stat_1050105434	p	accessory.amulet	82,75,70,65,60,54,46,38,33,25,16,6,1
stat_1062208444	p	accessory.amulet	75,65,54,46,33,16,2
stat_124859000	p	accessory.amulet	77,70,54,46,33,16,2
stat_2106365538	p	accessory.amulet	77,70,54,46,33,16,2
stat_2306002879	p	accessory.amulet	47,29,10
stat_2482852589	p	accessory.amulet	75,65,54,46,33,16,2
stat_2704225257	p	accessory.amulet	54,46,33,25,16
stat_2748665614	p	accessory.amulet	75,60,33
stat_2866361420	p	accessory.amulet	75,65,54,46,33,16,2
stat_2974417149	p	accessory.amulet	75,60,46,33,16,1
stat_3299347043	p	accessory.amulet	60,54,46,38,33,24,16,6,1
stat_3489782002	p	accessory.amulet	80,70,65,54,46,33,25,16,11,1
stat_3917489142	p	accessory.amulet	47,29,10
stat_3981240776	p	accessory.amulet	54,46,33,25,16
stat_4052037485	p	accessory.amulet	80,70,65,54,46,33,25,16,11,1
stat_691932474	p	accessory.amulet	67,58,48,36,26,18,11,1
stat_803737631	p	accessory.amulet	67,58,48,36,26,18,11,1
stat_983749596	p	accessory.amulet	75,60,33
stat_1202301673	s	accessory.amulet	75,41,5
stat_124131830	s	accessory.amulet	75,41,10
stat_1379411836	s	accessory.amulet	82,75,66,55,44,33,22,11,1
stat_1444556985	s	accessory.amulet	79,68,56,44,30
stat_1671376347	s	accessory.amulet	82,71,60,49,37,25,13,1
stat_2162097452	s	accessory.amulet	75,41,5
stat_2306002879	s	accessory.amulet	40,24,3
stat_2891184298	s	accessory.amulet	66,60,51,35,18,1
stat_2897413282	s	accessory.amulet	82,75,66,55,44,33,22,11,1
stat_2901986750	s	accessory.amulet	80,68,54,40,26,12
stat_2923486259	s	accessory.amulet	81,68,56,44,30,16
stat_3261801346	s	accessory.amulet	74,66,55,44,33,22,11,1
stat_328541901	s	accessory.amulet	74,66,55,44,33,22,11,1
stat_3325883026	s	accessory.amulet	75,68,58,47,35,26,17,11,5,1
stat_3372524247	s	accessory.amulet	82,71,60,48,36,24,12,1
stat_3556824919	s	accessory.amulet	74,59,45,31,21,8
stat_3917489142	s	accessory.amulet	40,24,3
stat_4080418644	s	accessory.amulet	74,66,55,44,33,22,11,1
stat_4220027924	s	accessory.amulet	82,71,60,50,38,26,14,1
stat_472520716	s	accessory.amulet	80,69,57,45,31
stat_587431675	s	accessory.amulet	72,58,44,30,20,5
stat_789117908	s	accessory.amulet	79,55,42,29,18,1
stat_9187492	s	accessory.amulet	75,41,5
stat_1050105434	p	accessory.belt	60,54,46,38,33,25,16,6,1
stat_1389754388	p	accessory.belt	75,60,46,33,8
stat_1412217137	p	accessory.belt	63,54,36,26,11,5
stat_2881298780	p	accessory.belt	74,63,48,38,19,10,1
stat_3299347043	p	accessory.belt	65,60,54,46,38,33,24,16,6,1
stat_3484657501	p	accessory.belt	80,70,65,54,46,33,25,16,11,1
stat_51994685	p	accessory.belt	75,60,46,33,16,1
stat_809229260	p	accessory.belt	80,70,65,54,46,33,25,16,11,1
stat_1570770415	s	accessory.belt	81,72,50,33,18,3
stat_1671376347	s	accessory.belt	82,71,60,49,37,25,13,1
stat_1836676211	s	accessory.belt	81,70,48,32,16,2
stat_2923486259	s	accessory.belt	81,68,56,44,30,16
stat_3325883026	s	accessory.belt	68,58,47,35,26,17,11,5,1
stat_3372524247	s	accessory.belt	82,71,60,48,36,24,12,1
stat_3585532255	s	accessory.belt	81,70,48,32,16,2
stat_4080418644	s	accessory.belt	81,74,66,55,44,33,22,11,1
stat_4220027924	s	accessory.belt	82,71,60,50,38,26,14,1
stat_644456512	s	accessory.belt	81,72,50,33,18,3
stat_915769802	s	accessory.belt	72,63,54,45,36,29,22,15,8,1
stat_1050105434	p	accessory.ring	75,70,65,60,54,46,38,33,25,16,6,1
stat_1573130764	p	accessory.ring	75,65,60,54,46,33,16,8,1
stat_1754445556	p	accessory.ring	75,65,60,54,46,33,16,8,1
stat_2144192055	p	accessory.ring	70,65,54,46,33,25,16,11,1
stat_2231156303	p	accessory.ring	75,65,46,33,16,8
stat_2306002879	p	accessory.ring	47,29,10
stat_3032590688	p	accessory.ring	75,65,60,54,46,33,16,8,1
stat_3291658075	p	accessory.ring	75,65,46,33,16,8
stat_3299347043	p	accessory.ring	54,46,38,33,24,16,6,1
stat_3917489142	p	accessory.ring	47,29,10
stat_3962278098	p	accessory.ring	75,65,46,33,16,8
stat_4067062424	p	accessory.ring	75,65,60,54,46,33,16,8,1
stat_53045048	p	accessory.ring	70,65,54,46,33,25,16,11,1
stat_691932474	p	accessory.ring	67,58,48,36,26,18,11,1
stat_736967255	p	accessory.ring	75,65,46,33,16,8
stat_803737631	p	accessory.ring	67,58,48,36,26,18,11,1
stat_1263695895+stat_789117908	s	accessory.ring	30,15,8
stat_1368271171	s	accessory.ring	56,45,34,23,12,1
stat_1379411836	s	accessory.ring	33,22,11,1
stat_1671376347	s	accessory.ring	82,71,60,49,37,25,13,1
stat_2306002879	s	accessory.ring	40,24,3
stat_2557965901	s	accessory.ring	38,21
stat_2891184298	s	accessory.ring	60,51,35,18,1
stat_2897413282	s	accessory.ring	33,22,11,1
stat_2901986750	s	accessory.ring	68,54,40,26,12
stat_2923486259	s	accessory.ring	81,68,56,44,30,16
stat_3261801346	s	accessory.ring	74,66,55,44,33,22,11,1
stat_328541901	s	accessory.ring	74,66,55,44,33,22,11,1
stat_3325883026	s	accessory.ring	47,35,26,17,11,5,1
stat_3372524247	s	accessory.ring	82,71,60,48,36,24,12,1
stat_3695891184	s	accessory.ring	55,44,33,22,11,1
stat_3917489142	s	accessory.ring	40,24,3
stat_4080418644	s	accessory.ring	74,66,55,44,33,22,11,1
stat_4220027924	s	accessory.ring	82,71,60,50,38,26,14,1
stat_707457662	s	accessory.ring	38,21
stat_789117908	s	accessory.ring	79,55,42,29,18,1
stat_1050105434	p	armour.boots	60,54,46,38,33,25,16,6,1
stat_1062208444	p	armour.boots	65,60,54,46,35,16,2
stat_1062208444+stat_915769802	p	armour.boots	74,63,48,38,19,10
stat_124859000	p	armour.boots	65,60,54,46,33,16,2
stat_124859000+stat_915769802	p	armour.boots	74,63,48,38,19,10
stat_1999113824	p	armour.boots	65,60,54,46,33,16,2
stat_1999113824+stat_915769802	p	armour.boots	74,63,48,38,19,10
stat_2106365538	p	armour.boots	65,60,54,46,33,16,2
stat_2106365538+stat_915769802	p	armour.boots	74,63,48,38,19,10
stat_2144192055	p	armour.boots	54,46,33,25,16,8,1
stat_2144192055+stat_3484657501	p	armour.boots	46,33,16,1
stat_2144192055+stat_3489782002	p	armour.boots	46,33,16,1
stat_2144192055+stat_4052037485	p	armour.boots	46,33,16,1
stat_2144192055+stat_809229260	p	armour.boots	46,33,16,1
stat_2250533757	p	armour.boots	82,65,46,33,16,1
stat_2451402625	p	armour.boots	65,60,54,46,33,16,2
stat_2451402625+stat_915769802	p	armour.boots	74,63,48,38,19,10
stat_2866361420	p	armour.boots	65,60,54,46,35,16,2
stat_2866361420+stat_915769802	p	armour.boots	74,63,48,38,19,10
stat_3299347043	p	armour.boots	60,54,46,38,33,24,16,6,1
stat_3321629045	p	armour.boots	65,60,54,46,33,16,2
stat_3321629045+stat_915769802	p	armour.boots	74,63,48,38,19,10
stat_3484657501	p	armour.boots	54,46,33,25,16,8,1
stat_3484657501+stat_3489782002	p	armour.boots	46,33,16,1
stat_3484657501+stat_4052037485	p	armour.boots	46,33,16,1
stat_3484657501+stat_53045048	p	armour.boots	46,33,16,1
stat_3489782002	p	armour.boots	54,46,33,25,16,8,1
stat_3489782002+stat_53045048	p	armour.boots	46,33,16,1
stat_3489782002+stat_809229260	p	armour.boots	46,33,16,1
stat_3523867985	p	armour.boots	75,65,60,54,46,33,16,2
stat_4015621042	p	armour.boots	65,60,54,46,33,16,2
stat_4015621042+stat_915769802	p	armour.boots	74,63,48,38,19,10
stat_4052037485	p	armour.boots	54,46,33,25,16,8,1
stat_4052037485+stat_53045048	p	armour.boots	46,33,16,1
stat_4052037485+stat_809229260	p	armour.boots	46,33,16,1
stat_53045048	p	armour.boots	54,46,33,25,16,8,1
stat_53045048+stat_809229260	p	armour.boots	46,33,16,1
stat_809229260	p	armour.boots	54,46,33,25,16,8,1
stat_1671376347	s	armour.boots	82,71,60,49,37,25,13,1
stat_1874553720	s	armour.boots	75,63,49,36,20
stat_2160282525	s	armour.boots	75,63,49,36,20
stat_2306002879	s	armour.boots	40,24,3
stat_2339757871	s	armour.boots	48
stat_2923486259	s	armour.boots	81,68,56,44,30,16
stat_3033371881	s	armour.boots	66,48,36,16,1
stat_3261801346	s	armour.boots	74,66,55,44,33,22,11,1
stat_328541901	s	armour.boots	74,66,55,44,33,22,11,1
stat_3325883026	s	armour.boots	58,47,35,26,17,11,5,1
stat_3362812763	s	armour.boots	66,48,36,16,1
stat_3372524247	s	armour.boots	82,71,60,48,36,24,12,1
stat_3639275092	s	armour.boots	60,52,40,32,24
stat_3917489142	s	armour.boots	40,24,3
stat_4080418644	s	armour.boots	74,66,55,44,33,22,11,1
stat_4220027924	s	armour.boots	82,71,60,50,38,26,14,1
stat_915769802	s	armour.boots	80,72,63,54,45,36,29,22,15,8,1
stat_99927264	s	armour.boots	75,63,49,36,20
stat_124859000	p	armour.buckler	75,65,60,54,46,33,16,2
stat_124859000+stat_915769802	p	armour.buckler	74,63,48,38,19,10
stat_2106365538	p	armour.buckler	75,65,60,54,46,33,16,2
stat_2106365538+stat_915769802	p	armour.buckler	74,63,48,38,19,10
stat_2144192055	p	armour.buckler	75,65,60,54,46,33,25,16,8,1
stat_2144192055+stat_3484657501	p	armour.buckler	65,60,54,46,33,16,1
stat_2144192055+stat_809229260	p	armour.buckler	65,60,54,46,33,16,1
stat_2451402625	p	armour.buckler	75,65,60,54,46,33,16,2
stat_2451402625+stat_915769802	p	armour.buckler	74,63,48,38,19,10
stat_2481353198	p	armour.buckler	65,33,1
stat_2881298780	p	armour.buckler	74,63,48,38,19,10,1
stat_3299347043	p	armour.buckler	70,65,60,54,46,38,33,24,16,6,1
stat_3484657501+stat_53045048	p	armour.buckler	65,60,54,46,33,16,1
stat_4147897060	p	armour.buckler	65,33,1
stat_53045048	p	armour.buckler	75,65,60,54,46,33,25,16,8,1
stat_53045048+stat_809229260	p	armour.buckler	65,60,54,46,33,16,1
stat_1011760251	s	armour.buckler	81,75,68
stat_1301765461	s	armour.buckler	81,75,68
stat_1671376347	s	armour.buckler	82,71,60,49,37,25,13,1
stat_1978899297	s	armour.buckler	81,75
stat_2923486259	s	armour.buckler	81,68,56,44,30,16
stat_3033371881	s	armour.buckler	81,66,48,36,16,1
stat_3261801346	s	armour.buckler	74,66,55,44,33,22,11,1
stat_3362812763	s	armour.buckler	81,66,48,36,16,1
stat_3372524247	s	armour.buckler	82,71,60,48,36,24,12,1
stat_3639275092	s	armour.buckler	60,52,40,32,24
stat_3676141501	s	armour.buckler	81,75,68
stat_3855016469	s	armour.buckler	81,69,58,45,33
stat_4080418644	s	armour.buckler	74,66,55,44,33,22,11,1
stat_4095671657	s	armour.buckler	81,75,68
stat_4220027924	s	armour.buckler	82,71,60,50,38,26,14,1
stat_915769802	s	armour.buckler	72,63,54,45,36,29,22,15,8,1
stat_1062208444	p	armour.chest	75,65,60,54,46,35,16,2
stat_1062208444+stat_3299347043	p	armour.chest	78,60,46,33,16,8
stat_1062208444+stat_3484657501	p	armour.chest	78,60,46,33,16,8
stat_1062208444+stat_809229260	p	armour.chest	78,60,46,33,16,8
stat_124859000	p	armour.chest	75,65,60,54,46,33,16,2
stat_124859000+stat_2144192055	p	armour.chest	78,60,46,33,16,8
stat_124859000+stat_3299347043	p	armour.chest	78,60,46,33,16,8
stat_124859000+stat_53045048	p	armour.chest	78,60,46,33,16,8
stat_1999113824	p	armour.chest	75,65,60,54,46,33,16,2
stat_1999113824+stat_2144192055+stat_3489782002	p	armour.chest	78,60,46,33,16,8
stat_1999113824+stat_2144192055+stat_4052037485	p	armour.chest	78,60,46,33,16,8
stat_1999113824+stat_3299347043	p	armour.chest	78,60,46,33,16,8
stat_1999113824+stat_3489782002+stat_53045048	p	armour.chest	78,60,46,33,16,8
stat_1999113824+stat_4052037485+stat_53045048	p	armour.chest	78,60,46,33,16,8
stat_2106365538	p	armour.chest	75,65,60,54,46,33,16,2
stat_2106365538+stat_2144192055	p	armour.chest	78,60,46,33,16,8
stat_2106365538+stat_3299347043	p	armour.chest	78,60,46,33,16,8
stat_2106365538+stat_53045048	p	armour.chest	78,60,46,33,16,8
stat_2144192055	p	armour.chest	79,75,65,60,54,46,33,25,16,8,1
stat_2144192055+stat_2451402625+stat_3484657501	p	armour.chest	78,60,46,33,16,8
stat_2144192055+stat_2451402625+stat_809229260	p	armour.chest	78,60,46,33,16,8
stat_2144192055+stat_3484657501	p	armour.chest	75,65,60,54,46,33,16,1
stat_2144192055+stat_3489782002	p	armour.chest	75,65,60,54,46,33,16,1
stat_2144192055+stat_4052037485	p	armour.chest	75,65,60,54,46,33,16,1
stat_2144192055+stat_809229260	p	armour.chest	75,65,60,54,46,33,16,1
stat_2451402625	p	armour.chest	75,65,60,54,46,33,16,2
stat_2451402625+stat_3299347043	p	armour.chest	78,60,46,33,16,8
stat_2451402625+stat_3484657501+stat_53045048	p	armour.chest	78,60,46,33,16,8
stat_2451402625+stat_53045048+stat_809229260	p	armour.chest	78,60,46,33,16,8
stat_2704225257	p	armour.chest	78,65,60,54,46,33,25,16
stat_2866361420	p	armour.chest	75,65,60,54,46,35,16,2
stat_2866361420+stat_3299347043	p	armour.chest	78,60,46,33,16,8
stat_2866361420+stat_3484657501	p	armour.chest	78,60,46,33,16,8
stat_2866361420+stat_809229260	p	armour.chest	78,60,46,33,16,8
stat_2881298780	p	armour.chest	74,63,48,38,19,10,1
stat_3299347043	p	armour.chest	80,75,70,65,60,54,46,38,33,24,16,6,1
stat_3299347043+stat_3321629045	p	armour.chest	78,60,46,33,16,8
stat_3299347043+stat_4015621042	p	armour.chest	78,60,46,33,16,8
stat_3321629045	p	armour.chest	75,65,60,54,46,33,16,2
stat_3321629045+stat_3484657501+stat_3489782002	p	armour.chest	78,60,46,33,16,8
stat_3321629045+stat_3484657501+stat_4052037485	p	armour.chest	78,60,46,33,16,8
stat_3321629045+stat_3489782002+stat_809229260	p	armour.chest	78,60,46,33,16,8
stat_3321629045+stat_4052037485+stat_809229260	p	armour.chest	78,60,46,33,16,8
stat_3484657501	p	armour.chest	79,75,65,60,54,46,33,25,16,8,1
stat_3484657501+stat_3489782002	p	armour.chest	75,65,60,54,46,33,16,1
stat_3484657501+stat_4052037485	p	armour.chest	75,65,60,54,46,33,16,1
stat_3484657501+stat_53045048	p	armour.chest	75,65,60,54,46,33,16,1
stat_3489782002	p	armour.chest	79,70,65,60,54,46,33,25,16,8,1
stat_3489782002+stat_4015621042	p	armour.chest	78,60,46,33,16,8
stat_3489782002+stat_53045048	p	armour.chest	75,65,60,54,46,33,16,1
stat_3489782002+stat_809229260	p	armour.chest	75,65,60,54,46,33,16,1
stat_3523867985	p	armour.chest	75,65,60,54,46,33,16,2
stat_3981240776	p	armour.chest	78,65,60,54,46,33,25,16
stat_4015621042	p	armour.chest	75,65,60,54,46,33,16,2
stat_4015621042+stat_4052037485	p	armour.chest	78,60,46,33,16,8
stat_4052037485	p	armour.chest	79,70,65,60,54,46,33,25,16,8,1
stat_4052037485+stat_53045048	p	armour.chest	75,65,60,54,46,33,16,1
stat_4052037485+stat_809229260	p	armour.chest	75,65,60,54,46,33,16,1
stat_53045048	p	armour.chest	79,75,65,60,54,46,33,25,16,8,1
stat_53045048+stat_809229260	p	armour.chest	75,65,60,54,46,33,16,1
stat_809229260	p	armour.chest	79,75,65,60,54,46,33,25,16,8,1
stat_1671376347	s	armour.chest	82,71,60,49,37,25,13,1
stat_1692879867	s	armour.chest	76,64,50,37,21
stat_2339757871	s	armour.chest	81,66,48
stat_2923486259	s	armour.chest	81,68,56,44,30,16
stat_3033371881	s	armour.chest	81,66,48,36,16,1
stat_3261801346	s	armour.chest	74,66,55,44,33,22,11,1
stat_328541901	s	armour.chest	74,66,55,44,33,22,11,1
stat_3301100256	s	armour.chest	76,64,50,37,21
stat_3325883026	s	armour.chest	81,75,68,58,47,35,26,17,11,5,1
stat_3362812763	s	armour.chest	81,66,48,36,16,1
stat_3372524247	s	armour.chest	82,71,60,48,36,24,12,1
stat_3639275092	s	armour.chest	60,52,40,32,24
stat_4080418644	s	armour.chest	74,66,55,44,33,22,11,1
stat_4220027924	s	armour.chest	82,71,60,50,38,26,14,1
stat_915769802	s	armour.chest	72,63,54,45,36,29,22,15,8,1
stat_986397080	s	armour.chest	76,64,50,37,21
stat_1050105434	p	armour.focus	70,65,60,54,46,38,33,25,16,6,1
stat_1050105434+stat_4015621042	p	armour.focus	78,60,46,33,16,8
stat_2231156303	p	armour.focus	60,46,33,16,8,2
stat_2768835289	p	armour.focus	60,46,33,16,8,2
stat_2974417149	p	armour.focus	60,46,33,16,8,1
stat_3291658075	p	armour.focus	60,46,33,16,8,2
stat_3489782002	p	armour.focus	70,65,60,54,46,33,25,16,8,1
stat_3962278098	p	armour.focus	60,46,33,16,8,2
stat_4015621042	p	armour.focus	65,60,54,46,33,16,2
stat_4052037485	p	armour.focus	70,65,60,54,46,33,25,16,8,1
stat_736967255	p	armour.focus	60,46,33,16,8,2
stat_124131830	s	armour.focus	41,10
stat_1671376347	s	armour.focus	82,71,60,49,37,25,13,1
stat_2339757871	s	armour.focus	81,66,48
stat_274716455	s	armour.focus	59,44,30,21,8
stat_2891184298	s	armour.focus	70,60,45,30,15,1
stat_2923486259	s	armour.focus	81,68,56,44,30,16
stat_328541901	s	armour.focus	74,66,55,44,33,22,11,1
stat_3372524247	s	armour.focus	82,71,60,48,36,24,12,1
stat_3639275092	s	armour.focus	60,52,40,32,24
stat_4220027924	s	armour.focus	82,71,60,50,38,26,14,1
stat_737908626	s	armour.focus	59,41,28,21,11
stat_789117908	s	armour.focus	79,55,42,29,18,1
stat_1050105434	p	armour.gloves	60,54,46,38,33,25,16,6,1
stat_1062208444	p	armour.gloves	65,60,54,46,35,16,2
stat_1062208444+stat_3299347043	p	armour.gloves	78,60,46,33,16,8
stat_124859000	p	armour.gloves	65,60,54,46,33,16,2
stat_124859000+stat_3299347043	p	armour.gloves	78,60,46,33,16,8
stat_1573130764	p	armour.gloves	75,65,60,54,46,33,16,8,1
stat_1754445556	p	armour.gloves	75,65,60,54,46,33,16,8,1
stat_1999113824	p	armour.gloves	65,60,54,46,33,16,2
stat_1999113824+stat_3299347043	p	armour.gloves	78,60,46,33,16,8
stat_2106365538	p	armour.gloves	65,60,54,46,33,16,2
stat_2106365538+stat_3299347043	p	armour.gloves	78,60,46,33,16,8
stat_2144192055	p	armour.gloves	54,46,33,25,16,8,1
stat_2144192055+stat_3484657501	p	armour.gloves	46,33,16,1
stat_2144192055+stat_3489782002	p	armour.gloves	46,33,16,1
stat_2144192055+stat_4052037485	p	armour.gloves	46,33,16,1
stat_2144192055+stat_809229260	p	armour.gloves	46,33,16,1
stat_2451402625	p	armour.gloves	65,60,54,46,33,16,2
stat_2451402625+stat_3299347043	p	armour.gloves	78,60,46,33,16,8
stat_2866361420	p	armour.gloves	65,60,54,46,35,16,2
stat_2866361420+stat_3299347043	p	armour.gloves	78,60,46,33,16,8
stat_3032590688	p	armour.gloves	75,65,60,54,46,33,16,8,1
stat_3299347043	p	armour.gloves	60,54,46,38,33,24,16,6,1
stat_3299347043+stat_3321629045	p	armour.gloves	78,60,46,33,16,8
stat_3299347043+stat_4015621042	p	armour.gloves	78,60,46,33,16,8
stat_3321629045	p	armour.gloves	65,60,54,46,33,16,2
stat_3484657501	p	armour.gloves	54,46,33,25,16,8,1
stat_3484657501+stat_3489782002	p	armour.gloves	46,33,16,1
stat_3484657501+stat_4052037485	p	armour.gloves	46,33,16,1
stat_3484657501+stat_53045048	p	armour.gloves	46,33,16,1
stat_3489782002	p	armour.gloves	54,46,33,25,16,8,1
stat_3489782002+stat_53045048	p	armour.gloves	46,33,16,1
stat_3489782002+stat_809229260	p	armour.gloves	46,33,16,1
stat_3523867985	p	armour.gloves	75,65,60,54,46,33,16,2
stat_4015621042	p	armour.gloves	65,60,54,46,33,16,2
stat_4052037485	p	armour.gloves	54,46,33,25,16,8,1
stat_4052037485+stat_53045048	p	armour.gloves	46,33,16,1
stat_4052037485+stat_809229260	p	armour.gloves	46,33,16,1
stat_4067062424	p	armour.gloves	75,65,60,54,46,33,16,8,1
stat_53045048	p	armour.gloves	54,46,33,25,16,8,1
stat_53045048+stat_809229260	p	armour.gloves	46,33,16,1
stat_691932474	p	armour.gloves	76,67,58,48,36,26,18,11,1
stat_803737631	p	armour.gloves	76,67,58,48,36,26,18,11,1
stat_809229260	p	armour.gloves	54,46,33,25,16,8,1
stat_1368271171	s	armour.gloves	78,67,56,45,34,23,12,1
stat_1671376347	s	armour.gloves	82,71,60,49,37,25,13,1
stat_210067635	s	armour.gloves	60,37,22,1
stat_2306002879	s	armour.gloves	40,24,3
stat_2339757871	s	armour.gloves	48
stat_2557965901	s	armour.gloves	65,54,38,21
stat_2797971005	s	armour.gloves	40,30,20,8
stat_2923486259	s	armour.gloves	81,68,56,44,30,16
stat_3033371881	s	armour.gloves	66,48,36,16,1
stat_3261801346	s	armour.gloves	81,74,66,55,44,33,22,11,1
stat_328541901	s	armour.gloves	74,66,55,44,33,22,11,1
stat_3362812763	s	armour.gloves	66,48,36,16,1
stat_3372524247	s	armour.gloves	82,71,60,48,36,24,12,1
stat_3556824919	s	armour.gloves	59,45,31,21,8
stat_3639275092	s	armour.gloves	60,52,40,32,24
stat_3695891184	s	armour.gloves	77,66,55,44,33,22,11,1
stat_3917489142	s	armour.gloves	40,24,3
stat_4080418644	s	armour.gloves	74,66,55,44,33,22,11,1
stat_4220027924	s	armour.gloves	82,71,60,50,38,26,14,1
stat_681332047	s	armour.gloves	60,37,22,1
stat_707457662	s	armour.gloves	65,54,38,21
stat_9187492	s	armour.gloves	41,5
stat_1050105434	p	armour.helmet	65,60,54,46,38,33,25,16,6,1
stat_1050105434+stat_1062208444	p	armour.helmet	78,60,46,33,16,8
stat_1050105434+stat_124859000	p	armour.helmet	78,60,46,33,16,8
stat_1050105434+stat_1999113824	p	armour.helmet	78,60,46,33,16,8
stat_1050105434+stat_2106365538	p	armour.helmet	78,60,46,33,16,8
stat_1050105434+stat_2451402625	p	armour.helmet	78,60,46,33,16,8
stat_1050105434+stat_2866361420	p	armour.helmet	78,60,46,33,16,8
stat_1050105434+stat_3321629045	p	armour.helmet	78,60,46,33,16,8
stat_1050105434+stat_4015621042	p	armour.helmet	78,60,46,33,16,8
stat_1062208444	p	armour.helmet	65,60,54,46,35,16,2
stat_1062208444+stat_3299347043	p	armour.helmet	78,60,46,33,16,8
stat_124859000	p	armour.helmet	65,60,54,46,33,16,2
stat_124859000+stat_3299347043	p	armour.helmet	78,60,46,33,16,8
stat_1999113824	p	armour.helmet	65,60,54,46,33,16,2
stat_1999113824+stat_3299347043	p	armour.helmet	78,60,46,33,16,8
stat_2106365538	p	armour.helmet	65,60,54,46,33,16,2
stat_2106365538+stat_3299347043	p	armour.helmet	78,60,46,33,16,8
stat_2144192055	p	armour.helmet	60,54,46,33,25,16,8,1
stat_2144192055+stat_3484657501	p	armour.helmet	54,46,33,16,1
stat_2144192055+stat_3489782002	p	armour.helmet	54,46,33,16,1
stat_2144192055+stat_4052037485	p	armour.helmet	54,46,33,16,1
stat_2144192055+stat_809229260	p	armour.helmet	54,46,33,16,1
stat_2306002879	p	armour.helmet	47,29,10
stat_2451402625	p	armour.helmet	65,60,54,46,33,16,2
stat_2451402625+stat_3299347043	p	armour.helmet	78,60,46,33,16,8
stat_2866361420	p	armour.helmet	65,60,54,46,35,16,2
stat_2866361420+stat_3299347043	p	armour.helmet	78,60,46,33,16,8
stat_3299347043	p	armour.helmet	65,60,54,46,38,33,24,16,6,1
stat_3299347043+stat_3321629045	p	armour.helmet	78,60,46,33,16,8
stat_3299347043+stat_4015621042	p	armour.helmet	78,60,46,33,16,8
stat_3321629045	p	armour.helmet	65,60,54,46,33,16,2
stat_3484657501	p	armour.helmet	60,54,46,33,25,16,8,1
stat_3484657501+stat_3489782002	p	armour.helmet	54,46,33,16,1
stat_3484657501+stat_4052037485	p	armour.helmet	54,46,33,16,1
stat_3484657501+stat_53045048	p	armour.helmet	54,46,33,16,1
stat_3489782002	p	armour.helmet	60,54,46,33,25,16,8,1
stat_3489782002+stat_53045048	p	armour.helmet	54,46,33,16,1
stat_3489782002+stat_809229260	p	armour.helmet	54,46,33,16,1
stat_3523867985	p	armour.helmet	75,65,60,54,46,33,16,2
stat_3917489142	p	armour.helmet	47,29,10
stat_4015621042	p	armour.helmet	65,60,54,46,33,16,2
stat_4052037485	p	armour.helmet	60,54,46,33,25,16,8,1
stat_4052037485+stat_53045048	p	armour.helmet	54,46,33,16,1
stat_4052037485+stat_809229260	p	armour.helmet	54,46,33,16,1
stat_53045048	p	armour.helmet	60,54,46,33,25,16,8,1
stat_53045048+stat_809229260	p	armour.helmet	54,46,33,16,1
stat_691932474	p	armour.helmet	76,67,58,48,36,26,18,11,1
stat_803737631	p	armour.helmet	76,67,58,48,36,26,18,11,1
stat_809229260	p	armour.helmet	60,54,46,33,25,16,8,1
stat_1263695895+stat_691932474	s	armour.helmet	30,15,8
stat_1263695895+stat_803737631	s	armour.helmet	30,15,8
stat_1671376347	s	armour.helmet	82,71,60,49,37,25,13,1
stat_2162097452	s	armour.helmet	41,5
stat_2306002879	s	armour.helmet	40,24,3
stat_2339757871	s	armour.helmet	48
stat_2923486259	s	armour.helmet	81,68,56,44,30,16
stat_3033371881	s	armour.helmet	66,48,36,16,1
stat_3261801346	s	armour.helmet	74,66,55,44,33,22,11,1
stat_328541901	s	armour.helmet	81,74,66,55,44,33,22,11,1
stat_3325883026	s	armour.helmet	58,47,35,26,17,11,5,1
stat_3362812763	s	armour.helmet	66,48,36,16,1
stat_3372524247	s	armour.helmet	82,71,60,48,36,24,12,1
stat_3639275092	s	armour.helmet	60,52,40,32,24
stat_3917489142	s	armour.helmet	40,24,3
stat_4080418644	s	armour.helmet	74,66,55,44,33,22,11,1
stat_4220027924	s	armour.helmet	82,71,60,50,38,26,14,1
stat_587431675	s	armour.helmet	58,44,30,20,5
stat_1241625305	p	armour.quiver	81,60,46,33,16,1
stat_1573130764	p	armour.quiver	75,65,60,54,46,33,16,8,1
stat_1754445556	p	armour.quiver	75,65,60,54,46,33,16,8,1
stat_3032590688	p	armour.quiver	75,65,60,54,46,33,16,8,1
stat_3759663284	p	armour.quiver	82,55,41,27,14
stat_4067062424	p	armour.quiver	75,65,60,54,46,33,16,8,1
stat_691932474	p	armour.quiver	76,67,58,48,36,26,18,11,1
stat_803737631	p	armour.quiver	76,67,58,48,36,26,18,11,1
stat_1202301673	s	armour.quiver	5
stat_1368271171	s	armour.quiver	56,45,34,23,12,1
stat_210067635	s	armour.quiver	60,37,22,1
stat_2194114101	s	armour.quiver	72,58,44,30,20,5
stat_2321178454	s	armour.quiver	77,61,44,26,11
stat_2463230181	s	armour.quiver	80,46
stat_3261801346	s	armour.quiver	74,66,55,44,33,22,11,1
stat_3695891184	s	armour.quiver	55,44,33,22,11,1
stat_3714003708	s	armour.quiver	74,59,45,31,21,8
stat_681332047	s	armour.quiver	60,37,22,1
stat_1062208444	p	armour.shield	75,65,60,54,46,35,16,2
stat_1062208444+stat_915769802	p	armour.shield	74,63,48,38,19,10
stat_124859000	p	armour.shield	75
stat_1999113824	p	armour.shield	75
stat_2106365538	p	armour.shield	75
stat_2144192055+stat_3484657501	p	armour.shield	65,60,54,46,33,16,1
stat_2144192055+stat_809229260	p	armour.shield	65,60,54,46,33,16,1
stat_2451402625	p	armour.shield	75,65,60,54,46,33,16,2
stat_2451402625+stat_915769802	p	armour.shield	74,63,48,38,19,10
stat_2481353198	p	armour.shield	65,33,1
stat_2866361420	p	armour.shield	75,65,60,54,46,35,16,2
stat_2866361420+stat_915769802	p	armour.shield	74,63,48,38,19,10
stat_2881298780	p	armour.shield	74,63,48,38,19,10,1
stat_3299347043	p	armour.shield	70,65,60,54,46,38,33,24,16,6,1
stat_3321629045	p	armour.shield	75,65,60,54,46,33,16,2
stat_3321629045+stat_915769802	p	armour.shield	74,63,48,38,19,10
stat_3484657501	p	armour.shield	75,65,60,54,46,33,25,16,8,1
stat_3484657501+stat_3489782002	p	armour.shield	65,60,54,46,33,16,1
stat_3484657501+stat_4052037485	p	armour.shield	65,60,54,46,33,16,1
stat_3484657501+stat_53045048	p	armour.shield	65,60,54,46,33,16,1
stat_3489782002+stat_809229260	p	armour.shield	65,60,54,46,33,16,1
stat_4015621042	p	armour.shield	75
stat_4052037485+stat_809229260	p	armour.shield	65,60,54,46,33,16,1
stat_4147897060	p	armour.shield	65,33,1
stat_53045048+stat_809229260	p	armour.shield	65,60,54,46,33,16,1
stat_809229260	p	armour.shield	75,65,60,54,46,33,25,16,8,1
stat_1011760251	s	armour.shield	81,75,68
stat_1301765461	s	armour.shield	81,75,68
stat_1671376347	s	armour.shield	82,71,60,49,37,25,13,1
stat_1978899297	s	armour.shield	81,75
stat_2339757871	s	armour.shield	81,66,48
stat_2901986750	s	armour.shield	80,68,54,40,26,12
stat_2923486259	s	armour.shield	81,68,56,44,30,16
stat_3033371881	s	armour.shield	81,66,48,36,16,1
stat_3261801346	s	armour.shield	74,66,55,44,33,22,11,1
stat_328541901	s	armour.shield	74,66,55,44,33,22,11,1
stat_3362812763	s	armour.shield	81,66,48,36,16,1
stat_3372524247	s	armour.shield	82,71,60,48,36,24,12,1
stat_3639275092	s	armour.shield	60,52,40,32,24
stat_3676141501	s	armour.shield	81,75,68
stat_3771516363	s	armour.shield	77,66,53,41,32
stat_3855016469	s	armour.shield	81,69,58,45,33
stat_4080418644	s	armour.shield	74,66,55,44,33,22,11,1
stat_4095671657	s	armour.shield	81,75,68
stat_4220027924	s	armour.shield	82,71,60,50,38,26,14,1
stat_915769802	s	armour.shield	72,63,54,45,36,29,22,15,8,1
stat_1120862500	p	flask.charm	76,67,58,47,36,26,14,1
stat_1256719186	p	flask.charm	78,61,42,20,1
stat_2365392475	p	flask.charm	76,67,58,47,36,26,14,1
stat_2541588185	p	flask.charm	78,61,42,20,1
stat_2676834156	p	flask.charm	75,60,48,36,21,10
stat_1366840608	s	flask.charm	81,62,47,32,12,1
stat_1873752457	s	flask.charm	45,26,8
stat_3196823591	s	flask.charm	82,63,48,33,13,1
stat_388617051	s	flask.charm	83,64,49,34,14,1
stat_828533480	s	flask.charm	45,26,8
stat_1261982764+stat_648019518	p	flask.life	81,64,47,30,13
stat_1526933524+stat_700317374	p	flask.life	42
stat_173226756	p	flask.life	81,61,46,31,15,1
stat_2416869319	p	flask.life	82,64,46,28,10
stat_2503377690	p	flask.life	46,27,3
stat_700317374	p	flask.life	83,67,56,46,34,23,11,1
stat_886931978	p	flask.life	82,63,44,25,2
stat_1366840608	s	flask.life	81,62,47,32,12,1
stat_1873752457	s	flask.life	45,26,8
stat_3196823591	s	flask.life	82,63,48,33,13,1
stat_388617051	s	flask.life	83,64,49,34,14,1
stat_828533480	s	flask.life	45,26,8
stat_1526933524+stat_700317374	p	flask.mana	42
stat_173226756	p	flask.mana	81,61,46,31,15,1
stat_1811130680+stat_959641748	p	flask.mana	81,64,47,30,13
stat_2503377690	p	flask.mana	46,27,3
stat_3276224428	p	flask.mana	82,63,44,25,2
stat_700317374	p	flask.mana	83,67,56,46,34,23,11,1
stat_1366840608	s	flask.mana	81,62,47,32,12,1
stat_1873752457	s	flask.mana	45,26,8
stat_3196823591	s	flask.mana	82,63,48,33,13,1
stat_388617051	s	flask.mana	83,64,49,34,14,1
stat_828533480	s	flask.mana	45,26,8
stat_1002362373	p	jewel	1
stat_101878827	p	jewel	1
stat_1062208444	p	jewel	1
stat_1181419800	p	jewel	1
stat_1181501418	p	jewel	1
stat_1200678966	p	jewel	1
stat_124859000	p	jewel	1
stat_1303248024	p	jewel	1
stat_1310194496	p	jewel	1
stat_1315743832	p	jewel	1
stat_153777645	p	jewel	1
stat_1569101201	p	jewel	1
stat_1569159338	p	jewel	1
stat_1585769763	p	jewel	1
stat_1589917703	p	jewel	1
stat_1594812856	p	jewel	1
stat_1697951953	p	jewel	1
stat_169946467	p	jewel	1
stat_1776411443	p	jewel	1
stat_1782086450	p	jewel	1
stat_1805182458	p	jewel	1
stat_1839076647	p	jewel	1
stat_1852872083	p	jewel	1
stat_2106365538	p	jewel	1
stat_21071013	p	jewel	1
stat_2118708619	p	jewel	1
stat_2174054121	p	jewel	1
stat_2231156303	p	jewel	1
stat_2301718443	p	jewel	1
stat_234296660	p	jewel	1
stat_2353576063	p	jewel	1
stat_2440073079	p	jewel	1
stat_2481353198	p	jewel	1
stat_2482852589	p	jewel	1
stat_2487305362	p	jewel	1
stat_2518900926	p	jewel	1
stat_2523933828	p	jewel	1
stat_2527686725	p	jewel	1
stat_2653955271	p	jewel	1
stat_2696027455	p	jewel	1
stat_280731498	p	jewel	1
stat_2843214518	p	jewel	1
stat_2866361420	p	jewel	1
stat_2974417149	p	jewel	1
stat_300723956	p	jewel	1
stat_3028809864	p	jewel	1
stat_3067892458	p	jewel	1
stat_3141070085	p	jewel	1
stat_3166958180	p	jewel	1
stat_3174700878	p	jewel	1
stat_3291658075	p	jewel	1
stat_3417711605	p	jewel	1
stat_3596695232	p	jewel	1
stat_3759663284	p	jewel	1
stat_3787460122	p	jewel	1
stat_3791899485	p	jewel	1
stat_3811191316	p	jewel	1
stat_3851254963	p	jewel	1
stat_3891355829	p	jewel	1,1
stat_3962278098	p	jewel	1
stat_3973629633	p	jewel	1
stat_4045894391	p	jewel	1
stat_4147897060	p	jewel	1
stat_4188894176	p	jewel	1
stat_427684353	p	jewel	1
stat_429143663	p	jewel	1
stat_440490623	p	jewel	1
stat_624954515	p	jewel	1
stat_627767961	p	jewel	1
stat_686254215	p	jewel	1
stat_712554801	p	jewel	1
stat_736967255	p	jewel	1
stat_770672621	p	jewel	1
stat_818778753	p	jewel	1
stat_1004011302	s	jewel	1
stat_1011760251	s	jewel	1
stat_1030153674	s	jewel	1
stat_1060572482	s	jewel	1
stat_1062710370	s	jewel	1
stat_1104825894	s	jewel	1
stat_1135928777	s	jewel	1
stat_1165163804	s	jewel	1
stat_1238227257	s	jewel	1
stat_1316278494	s	jewel	1
stat_1389754388	s	jewel	1
stat_1405298142	s	jewel	1
stat_1423639565	s	jewel	1
stat_1444556985	s	jewel	1
stat_1459321413	s	jewel	1
stat_1604736568	s	jewel	1
stat_1697447343	s	jewel	1
stat_1714971114	s	jewel	1
stat_1772247089	s	jewel	1
stat_1829102168	s	jewel	1
stat_1836676211	s	jewel	1
stat_1854213750	s	jewel	1
stat_1869147066	s	jewel	1
stat_1911237468	s	jewel	1
stat_2011656677	s	jewel	1
stat_2023107756	s	jewel	1
stat_210067635	s	jewel	1
stat_2112395885	s	jewel	1
stat_2194114101	s	jewel	1
stat_2222186378	s	jewel	1
stat_2250533757	s	jewel	1
stat_2321178454	s	jewel	1
stat_239367161	s	jewel	1
stat_2456523742	s	jewel	1
stat_2480498143	s	jewel	1
stat_2594634307	s	jewel	1
stat_2637470878	s	jewel	1
stat_2709367754	s	jewel	1
stat_2720982137	s	jewel	1
stat_274716455	s	jewel	1
stat_2839066308	s	jewel	1
stat_2891184298	s	jewel	1
stat_2933846633	s	jewel	1
stat_293638271	s	jewel	1
stat_2957407601	s	jewel	1
stat_2968503605	s	jewel	1
stat_3003542304	s	jewel	1
stat_3091578504	s	jewel	1
stat_3119612865	s	jewel	1
stat_3146310524	s	jewel	1
stat_318953428	s	jewel	1
stat_3192728503	s	jewel	1
stat_3283482523	s	jewel	1
stat_3292710273	s	jewel	1
stat_3374165039	s	jewel	1
stat_3377888098	s	jewel	1
stat_3398301358	s	jewel	1
stat_3401186585	s	jewel	1
stat_3473929743	s	jewel	1
stat_3485067555	s	jewel	1
stat_3544800472	s	jewel	1
stat_3556824919	s	jewel	1
stat_3585532255	s	jewel	1
stat_3590792340	s	jewel	1
stat_3668351662	s	jewel	1
stat_3676141501	s	jewel	1
stat_3714003708	s	jewel	1
stat_3741323227	s	jewel	1
stat_3759735052	s	jewel	1
stat_3780644166	s	jewel	1
stat_3824372849	s	jewel	1
stat_3837707023	s	jewel	1
stat_4009879772	s	jewel	1
stat_4081947835	s	jewel	1
stat_4095671657	s	jewel	1
stat_4159248054	s	jewel	1
stat_416040624	s	jewel	1
stat_4234573345	s	jewel	1
stat_4236566306	s	jewel	1
stat_44972811	s	jewel	1
stat_458438597	s	jewel	1
stat_473429811	s	jewel	1
stat_491450213	s	jewel	1
stat_538241406	s	jewel	1
stat_565784293	s	jewel	1
stat_587431675	s	jewel	1
stat_680068163	s	jewel	1
stat_681332047	s	jewel	1
stat_737908626	s	jewel	1
stat_789117908	s	jewel	1
stat_795138349	s	jewel	1
stat_821241191	s	jewel	1
stat_872504239	s	jewel	1
stat_918325986	s	jewel	1
stat_924253255	s	jewel	1
stat_1037193709	p	weapon.bow	81,75,65,60,54,46,33,16,8,1
stat_1509134228	p	weapon.bow	82,75,60,46,33,16,8,1
stat_1509134228+stat_691932474	p	weapon.bow	81,70,65,54,38,23,14,8
stat_1509134228+stat_803737631	p	weapon.bow	81,70,65,54,38,23,14,8
stat_1940865751	p	weapon.bow	75,65,60,54,46,33,16,8,1
stat_3336890334	p	weapon.bow	81,75,65,60,54,46,33,16,8,1
stat_387439868	p	weapon.bow	81,60,46,33,16,4
stat_691932474	p	weapon.bow	82,76,67,58,48,36,26,18,13,8
stat_709508406	p	weapon.bow	81,75,65,60,54,46,33,16,8,1
stat_803737631	p	weapon.bow	82,76,67,58,48,36,26,18,13,8
stat_1202301673	s	weapon.bow	81,55,36,18
stat_1263695895+stat_691932474	s	weapon.bow	30,15,8
stat_1263695895+stat_803737631	s	weapon.bow	30,15,8
stat_1368271171	s	weapon.bow	78,67,56,45,34,23,12,1
stat_210067635	s	weapon.bow	37,30,22,11,1
stat_2463230181	s	weapon.bow	82,66,55,46
stat_2694482655	s	weapon.bow	73,59,44,30,21,8
stat_3261801346	s	weapon.bow	74,66,55,44,33,22,11,1
stat_3639275092	s	weapon.bow	60,52,40,32,24
stat_3695891184	s	weapon.bow	77,66,55,44,33,22,11,1
stat_518292764	s	weapon.bow	73,59,44,30,20,1
stat_55876295	s	weapon.bow	65,54,38,21
stat_669069897	s	weapon.bow	65,54,38,21
stat_681332047	s	weapon.bow	37,30,22,11,1
stat_821021828	s	weapon.bow	40,30,20,8
stat_1037193709	p	weapon.claw	81,75,65,60,54,46,33,16,8,1
stat_1509134228	p	weapon.claw	82,75,60,46,33,16,8,1
stat_1509134228+stat_691932474	p	weapon.claw	81,70,65,54,38,23,14,8
stat_1509134228+stat_803737631	p	weapon.claw	81,70,65,54,38,23,14,8
stat_1940865751	p	weapon.claw	75,65,60,54,46,33,16,8,1
stat_3336890334	p	weapon.claw	81,75,65,60,54,46,33,16,8,1
stat_387439868	p	weapon.claw	81,60,46,33,16,4
stat_691932474	p	weapon.claw	76,67,58,48,36,26,18,13,8
stat_709508406	p	weapon.claw	81,75,65,60,54,46,33,16,8,1
stat_803737631	p	weapon.claw	76,67,58,48,36,26,18,13,8
stat_1263695895+stat_691932474	s	weapon.claw	30,15,8
stat_1263695895+stat_803737631	s	weapon.claw	30,15,8
stat_1368271171	s	weapon.claw	78,67,56,45,34,23,12,1
stat_210067635	s	weapon.claw	77,60,45,37,30,22,11,1
stat_2694482655	s	weapon.claw	73,59,44,30,21,8
stat_3261801346	s	weapon.claw	74,66,55,44,33,22,11,1
stat_3639275092	s	weapon.claw	60,52,40,32,24
stat_3695891184	s	weapon.claw	77,66,55,44,33,22,11,1
stat_518292764	s	weapon.claw	73,59,44,30,20,1
stat_55876295	s	weapon.claw	65,54,38,21
stat_669069897	s	weapon.claw	65,54,38,21
stat_681332047	s	weapon.claw	77,60,45,37,30,22,11,1
stat_748522257	s	weapon.claw	71,58,44,30,18,5
stat_791928121	s	weapon.claw	74,58,44,30,20,5
stat_821021828	s	weapon.claw	40,30,20,8
stat_9187492	s	weapon.claw	81,55,36,18
stat_1037193709	p	weapon.crossbow	81,75,65,60,54,46,33,16,8,1
stat_1509134228	p	weapon.crossbow	82,75,60,46,33,16,8,1
stat_1509134228+stat_691932474	p	weapon.crossbow	81,70,65,54,38,23,14,8
stat_1509134228+stat_803737631	p	weapon.crossbow	81,70,65,54,38,23,14,8
stat_1940865751	p	weapon.crossbow	75,65,60,54,46,33,16,8,1
stat_3336890334	p	weapon.crossbow	81,75,65,60,54,46,33,16,8,1
stat_387439868	p	weapon.crossbow	81,60,46,33,16,4
stat_691932474	p	weapon.crossbow	82,76,67,58,48,36,26,18,13,8
stat_709508406	p	weapon.crossbow	81,75,65,60,54,46,33,16,8,1
stat_803737631	p	weapon.crossbow	82,76,67,58,48,36,26,18,13,8
stat_1202301673	s	weapon.crossbow	81,55,36,18
stat_1263695895+stat_691932474	s	weapon.crossbow	30,15,8
stat_1263695895+stat_803737631	s	weapon.crossbow	30,15,8
stat_1368271171	s	weapon.crossbow	78,67,56,45,34,23,12,1
stat_1544773869	s	weapon.crossbow	81,60,46,33,16,4
stat_1967051901	s	weapon.crossbow	82,55
stat_1980802737	s	weapon.crossbow	81,72
stat_210067635	s	weapon.crossbow	37,30,22,11,1
stat_2250681686	s	weapon.crossbow	81,72
stat_2694482655	s	weapon.crossbow	73,59,44,30,21,8
stat_3261801346	s	weapon.crossbow	74,66,55,44,33,22,11,1
stat_3639275092	s	weapon.crossbow	60,52,40,32,24
stat_3695891184	s	weapon.crossbow	77,66,55,44,33,22,11,1
stat_4080418644	s	weapon.crossbow	74,66,55,44,33,22,11,1
stat_518292764	s	weapon.crossbow	73,59,44,30,20,1
stat_55876295	s	weapon.crossbow	65,54,38,21
stat_669069897	s	weapon.crossbow	65,54,38,21
stat_681332047	s	weapon.crossbow	37,30,22,11,1
stat_821021828	s	weapon.crossbow	40,30,20,8
stat_1037193709	p	weapon.dagger	81,75,65,60,54,46,33,16,8,1
stat_1509134228	p	weapon.dagger	82,75,60,46,33,16,8,1
stat_1509134228+stat_691932474	p	weapon.dagger	81,70,65,54,38,23,14,8
stat_1509134228+stat_803737631	p	weapon.dagger	81,70,65,54,38,23,14,8
stat_1940865751	p	weapon.dagger	75,65,60,54,46,33,16,8,1
stat_3336890334	p	weapon.dagger	81,75,65,60,54,46,33,16,8,1
stat_387439868	p	weapon.dagger	81,60,46,33,16,4
stat_691932474	p	weapon.dagger	76,67,58,48,36,26,18,13,8
stat_709508406	p	weapon.dagger	81,75,65,60,54,46,33,16,8,1
stat_803737631	p	weapon.dagger	76,67,58,48,36,26,18,13,8
stat_1263695895+stat_691932474	s	weapon.dagger	30,15,8
stat_1263695895+stat_803737631	s	weapon.dagger	30,15,8
stat_1368271171	s	weapon.dagger	78,67,56,45,34,23,12,1
stat_210067635	s	weapon.dagger	77,60,45,37,30,22,11,1
stat_2694482655	s	weapon.dagger	73,59,44,30,21,8
stat_3261801346	s	weapon.dagger	74,66,55,44,33,22,11,1
stat_328541901	s	weapon.dagger	74,66,55,44,33,22,11,1
stat_3639275092	s	weapon.dagger	60,52,40,32,24
stat_3695891184	s	weapon.dagger	77,66,55,44,33,22,11,1
stat_518292764	s	weapon.dagger	73,59,44,30,20,1
stat_55876295	s	weapon.dagger	65,54,38,21
stat_669069897	s	weapon.dagger	65,54,38,21
stat_681332047	s	weapon.dagger	77,60,45,37,30,22,11,1
stat_748522257	s	weapon.dagger	71,58,44,30,18,5
stat_791928121	s	weapon.dagger	74,58,44,30,20,5
stat_821021828	s	weapon.dagger	40,30,20,8
stat_9187492	s	weapon.dagger	81,55,36,18
stat_1037193709	p	weapon.flail	81,75,65,60,54,46,33,16,8,1
stat_1509134228	p	weapon.flail	82,75,60,46,33,16,8,1
stat_1509134228+stat_691932474	p	weapon.flail	81,70,65,54,38,23,14,8
stat_1509134228+stat_803737631	p	weapon.flail	81,70,65,54,38,23,14,8
stat_1940865751	p	weapon.flail	75,65,60,54,46,33,16,8,1
stat_3336890334	p	weapon.flail	81,75,65,60,54,46,33,16,8,1
stat_387439868	p	weapon.flail	81,60,46,33,16,4
stat_691932474	p	weapon.flail	76,67,58,48,36,26,18,13,8
stat_709508406	p	weapon.flail	81,75,65,60,54,46,33,16,8,1
stat_803737631	p	weapon.flail	76,67,58,48,36,26,18,13,8
stat_1263695895+stat_691932474	s	weapon.flail	30,15,8
stat_1263695895+stat_803737631	s	weapon.flail	30,15,8
stat_1368271171	s	weapon.flail	78,67,56,45,34,23,12,1
stat_210067635	s	weapon.flail	77,60,45,37,30,22,11,1
stat_2694482655	s	weapon.flail	73,59,44,30,21,8
stat_328541901	s	weapon.flail	74,66,55,44,33,22,11,1
stat_3639275092	s	weapon.flail	60,52,40,32,24
stat_3695891184	s	weapon.flail	77,66,55,44,33,22,11,1
stat_4080418644	s	weapon.flail	74,66,55,44,33,22,11,1
stat_518292764	s	weapon.flail	73,59,44,30,20,1
stat_55876295	s	weapon.flail	65,54,38,21
stat_669069897	s	weapon.flail	65,54,38,21
stat_681332047	s	weapon.flail	77,60,45,37,30,22,11,1
stat_748522257	s	weapon.flail	71,58,44,30,18,5
stat_791928121	s	weapon.flail	74,58,44,30,20,5
stat_821021828	s	weapon.flail	40,30,20,8
stat_9187492	s	weapon.flail	81,55,36,18
stat_1037193709	p	weapon.oneaxe	81,75,65,60,54,46,33,16,8,1
stat_1509134228	p	weapon.oneaxe	82,75,60,46,33,16,8,1
stat_1509134228+stat_691932474	p	weapon.oneaxe	81,70,65,54,38,23,14,8
stat_1509134228+stat_803737631	p	weapon.oneaxe	81,70,65,54,38,23,14,8
stat_1940865751	p	weapon.oneaxe	75,65,60,54,46,33,16,8,1
stat_3336890334	p	weapon.oneaxe	81,75,65,60,54,46,33,16,8,1
stat_387439868	p	weapon.oneaxe	81,60,46,33,16,4
stat_691932474	p	weapon.oneaxe	76,67,58,48,36,26,18,13,8
stat_709508406	p	weapon.oneaxe	81,75,65,60,54,46,33,16,8,1
stat_803737631	p	weapon.oneaxe	76,67,58,48,36,26,18,13,8
stat_1263695895+stat_691932474	s	weapon.oneaxe	30,15,8
stat_1263695895+stat_803737631	s	weapon.oneaxe	30,15,8
stat_1368271171	s	weapon.oneaxe	78,67,56,45,34,23,12,1
stat_210067635	s	weapon.oneaxe	77,60,45,37,30,22,11,1
stat_2694482655	s	weapon.oneaxe	73,59,44,30,21,8
stat_3639275092	s	weapon.oneaxe	60,52,40,32,24
stat_3695891184	s	weapon.oneaxe	77,66,55,44,33,22,11,1
stat_4080418644	s	weapon.oneaxe	74,66,55,44,33,22,11,1
stat_518292764	s	weapon.oneaxe	73,59,44,30,20,1
stat_55876295	s	weapon.oneaxe	65,54,38,21
stat_669069897	s	weapon.oneaxe	65,54,38,21
stat_681332047	s	weapon.oneaxe	77,60,45,37,30,22,11,1
stat_748522257	s	weapon.oneaxe	71,58,44,30,18,5
stat_791928121	s	weapon.oneaxe	74,58,44,30,20,5
stat_821021828	s	weapon.oneaxe	40,30,20,8
stat_9187492	s	weapon.oneaxe	81,55,36,18
stat_1037193709	p	weapon.onemace	81,75,65,60,54,46,33,16,8,1
stat_1509134228	p	weapon.onemace	82,75,60,46,33,16,8,1
stat_1509134228+stat_691932474	p	weapon.onemace	81,70,65,54,38,23,14,8
stat_1509134228+stat_803737631	p	weapon.onemace	81,70,65,54,38,23,14,8
stat_1940865751	p	weapon.onemace	75,65,60,54,46,33,16,8,1
stat_3336890334	p	weapon.onemace	81,75,65,60,54,46,33,16,8,1
stat_387439868	p	weapon.onemace	81,60,46,33,16,4
stat_691932474	p	weapon.onemace	76,67,58,48,36,26,18,13,8
stat_709508406	p	weapon.onemace	81,75,65,60,54,46,33,16,8,1
stat_803737631	p	weapon.onemace	76,67,58,48,36,26,18,13,8
stat_1263695895+stat_691932474	s	weapon.onemace	30,15,8
stat_1263695895+stat_803737631	s	weapon.onemace	30,15,8
stat_1368271171	s	weapon.onemace	78,67,56,45,34,23,12,1
stat_210067635	s	weapon.onemace	77,60,45,37,30,22,11,1
stat_2694482655	s	weapon.onemace	73,59,44,30,21,8
stat_3639275092	s	weapon.onemace	60,52,40,32,24
stat_3695891184	s	weapon.onemace	77,66,55,44,33,22,11,1
stat_4080418644	s	weapon.onemace	74,66,55,44,33,22,11,1
stat_518292764	s	weapon.onemace	73,59,44,30,20,1
stat_55876295	s	weapon.onemace	65,54,38,21
stat_669069897	s	weapon.onemace	65,54,38,21
stat_681332047	s	weapon.onemace	77,60,45,37,30,22,11,1
stat_748522257	s	weapon.onemace	71,58,44,30,18,5
stat_791928121	s	weapon.onemace	74,58,44,30,20,5
stat_821021828	s	weapon.onemace	40,30,20,8
stat_9187492	s	weapon.onemace	81,55,36,18
stat_1037193709	p	weapon.onesword	81,75,65,60,54,46,33,16,8,1
stat_1509134228	p	weapon.onesword	82,75,60,46,33,16,8,1
stat_1509134228+stat_691932474	p	weapon.onesword	81,70,65,54,38,23,14,8
stat_1509134228+stat_803737631	p	weapon.onesword	81,70,65,54,38,23,14,8
stat_1940865751	p	weapon.onesword	75,65,60,54,46,33,16,8,1
stat_3336890334	p	weapon.onesword	81,75,65,60,54,46,33,16,8,1
stat_387439868	p	weapon.onesword	81,60,46,33,16,4
stat_691932474	p	weapon.onesword	76,67,58,48,36,26,18,13,8
stat_709508406	p	weapon.onesword	81,75,65,60,54,46,33,16,8,1
stat_803737631	p	weapon.onesword	76,67,58,48,36,26,18,13,8
stat_1263695895+stat_691932474	s	weapon.onesword	30,15,8
stat_1263695895+stat_803737631	s	weapon.onesword	30,15,8
stat_1368271171	s	weapon.onesword	78,67,56,45,34,23,12,1
stat_210067635	s	weapon.onesword	77,60,45,37,30,22,11,1
stat_2694482655	s	weapon.onesword	73,59,44,30,21,8
stat_3261801346	s	weapon.onesword	74,66,55,44,33,22,11,1
stat_3639275092	s	weapon.onesword	60,52,40,32,24
stat_3695891184	s	weapon.onesword	77,66,55,44,33,22,11,1
stat_4080418644	s	weapon.onesword	74,66,55,44,33,22,11,1
stat_518292764	s	weapon.onesword	73,59,44,30,20,1
stat_55876295	s	weapon.onesword	65,54,38,21
stat_669069897	s	weapon.onesword	65,54,38,21
stat_681332047	s	weapon.onesword	77,60,45,37,30,22,11,1
stat_748522257	s	weapon.onesword	71,58,44,30,18,5
stat_791928121	s	weapon.onesword	74,58,44,30,20,5
stat_821021828	s	weapon.onesword	40,30,20,8
stat_9187492	s	weapon.onesword	81,55,36,18
stat_1050105434	p	weapon.sceptre	70,65,60,54,46,38,33,25,16,6,1
stat_1050105434+stat_1416406066	p	weapon.sceptre	70,58,48,36,26,11,2
stat_1050105434+stat_3984865854	p	weapon.sceptre	70,58,48,36,26,11,2
stat_1416406066	p	weapon.sceptre	82,75,60,46,33,16,8,1
stat_1574590649	p	weapon.sceptre	75,65,60,54,46,33,16,8,1
stat_1798257884	p	weapon.sceptre	82,70,60,46,33,16,8,1
stat_2347036682	p	weapon.sceptre	75,65,60,54,46,33,16,8,1
stat_2854751904	p	weapon.sceptre	75,65,60,54,46,33,16,8,1
stat_3984865854	p	weapon.sceptre	82,75,60,46,33,16,8,1
stat_849987426	p	weapon.sceptre	75,65,60,54,46,33,16,8,1
stat_101878827	s	weapon.sceptre	72,56,40,23
stat_1250712710	s	weapon.sceptre	76,59,41,28,21,11
stat_1263695895+stat_789117908	s	weapon.sceptre	30,15,8
stat_1998951374	s	weapon.sceptre	55,35,20,5
stat_2162097452	s	weapon.sceptre	78,55,25,2
stat_289128254	s	weapon.sceptre	56,36,21,6
stat_3057012405	s	weapon.sceptre	73,59,44,30,21,8
stat_328541901	s	weapon.sceptre	74,66,55,44,33,22,11,1
stat_3639275092	s	weapon.sceptre	60,52,40,32,24
stat_3850614073	s	weapon.sceptre	80,68,54,40,26,12
stat_4010677958	s	weapon.sceptre	75,68,58,47,35,26,17,11,5,1
stat_4080418644	s	weapon.sceptre	74,66,55,44,33,22,11,1
stat_770672621	s	weapon.sceptre	80,64,48,32,16,2
stat_789117908	s	weapon.sceptre	79,55,42,29,18,1
stat_1037193709	p	weapon.spear	81,75,65,60,54,46,33,16,8,1
stat_1509134228	p	weapon.spear	82,75,60,46,33,16,8,1
stat_1509134228+stat_691932474	p	weapon.spear	81,70,65,54,38,23,14,8
stat_1509134228+stat_803737631	p	weapon.spear	81,70,65,54,38,23,14,8
stat_1940865751	p	weapon.spear	75,65,60,54,46,33,16,8,1
stat_3336890334	p	weapon.spear	81,75,65,60,54,46,33,16,8,1
stat_387439868	p	weapon.spear	81,60,46,33,16,4
stat_691932474	p	weapon.spear	76,67,58,48,36,26,18,13,8
stat_709508406	p	weapon.spear	81,75,65,60,54,46,33,16,8,1
stat_803737631	p	weapon.spear	76,67,58,48,36,26,18,13,8
stat_1202301673	s	weapon.spear	81,55,36,18
stat_1263695895+stat_691932474	s	weapon.spear	30,15,8
stat_1263695895+stat_803737631	s	weapon.spear	30,15,8
stat_1368271171	s	weapon.spear	78,67,56,45,34,23,12,1
stat_210067635	s	weapon.spear	77,60,45,37,30,22,11,1
stat_2694482655	s	weapon.spear	73,59,44,30,21,8
stat_3261801346	s	weapon.spear	74,66,55,44,33,22,11,1
stat_3639275092	s	weapon.spear	60,52,40,32,24
stat_3695891184	s	weapon.spear	77,66,55,44,33,22,11,1
stat_4080418644	s	weapon.spear	74,66,55,44,33,22,11,1
stat_518292764	s	weapon.spear	73,59,44,30,20,1
stat_55876295	s	weapon.spear	65,54,38,21
stat_669069897	s	weapon.spear	65,54,38,21
stat_681332047	s	weapon.spear	77,60,45,37,30,22,11,1
stat_748522257	s	weapon.spear	71,58,44,30,18,5
stat_791928121	s	weapon.spear	74,58,44,30,20,5
stat_821021828	s	weapon.spear	40,30,20,8
stat_9187492	s	weapon.spear	81,55,36,18
stat_1050105434	p	weapon.staff	70,65,60,54,46,38,33,25,16,6,1
stat_1050105434+stat_2974417149	p	weapon.staff	79,63,48,38,23,11,2
stat_2231156303	p	weapon.staff	81,70,60,46,33,16,8,2
stat_2505884597	p	weapon.staff	80,60,46,33,16,5
stat_2768835289	p	weapon.staff	81,70,60,46,33,16,8,2
stat_2974417149	p	weapon.staff	80,70,60,46,33,16,8,1
stat_3015669065	p	weapon.staff	80,60,46,33,16,5
stat_3278136794	p	weapon.staff	80,60,46,33,16,5
stat_3291658075	p	weapon.staff	81,70,60,46,33,16,8,2
stat_3962278098	p	weapon.staff	81,70,60,46,33,16,8,2
stat_736967255	p	weapon.staff	81,70,60,46,33,16,8,2
stat_124131830	s	weapon.staff	78,55,25,5
stat_1263695895+stat_789117908	s	weapon.staff	30,15,8
stat_1368271171	s	weapon.staff	78,67,56,45,34,23,12,1
stat_1545858329	s	weapon.staff	81,55,36,18,2
stat_1600707273	s	weapon.staff	81,55,36,18,2
stat_2254480358	s	weapon.staff	81,55,36,18,2
stat_274716455	s	weapon.staff	73,59,44,30,21,8
stat_2891184298	s	weapon.staff	80,70,60,45,30,15,1
stat_293638271	s	weapon.staff	75,60,45,30,15
stat_2968503605	s	weapon.staff	75,60,45,30,15
stat_328541901	s	weapon.staff	74,66,55,44,33,22,11,1
stat_3639275092	s	weapon.staff	60,52,40,32,24
stat_3695891184	s	weapon.staff	77,66,55,44,33,22,11,1
stat_4226189338	s	weapon.staff	81,55,36,18,2
stat_473429811	s	weapon.staff	75,60,45,30,15
stat_591105508	s	weapon.staff	81,55,36,18,2
stat_737908626	s	weapon.staff	76,59,41,28,21,11
stat_789117908	s	weapon.staff	79,55,42,29,18,1
stat_1037193709	p	weapon.talisman	81,75,65,60,54,46,33,16,8,1
stat_1509134228	p	weapon.talisman	82,75,60,46,33,16,8,1
stat_1509134228+stat_691932474	p	weapon.talisman	81,70,65,54,38,23,14,8
stat_1509134228+stat_803737631	p	weapon.talisman	81,70,65,54,38,23,14,8
stat_1940865751	p	weapon.talisman	75,65,60,54,46,33,16,8,1
stat_3336890334	p	weapon.talisman	81,75,65,60,54,46,33,16,8,1
stat_387439868	p	weapon.talisman	81,60,46,33,16,4
stat_691932474	p	weapon.talisman	76,67,58,48,36,26,18,13,8
stat_709508406	p	weapon.talisman	81,75,65,60,54,46,33,16,8,1
stat_803737631	p	weapon.talisman	76,67,58,48,36,26,18,13,8
stat_1263695895+stat_691932474	s	weapon.talisman	30,15,8
stat_1263695895+stat_803737631	s	weapon.talisman	30,15,8
stat_1368271171	s	weapon.talisman	78,67,56,45,34,23,12,1
stat_210067635	s	weapon.talisman	77,60,45,37,30,22,11,1
stat_2694482655	s	weapon.talisman	73,59,44,30,21,8
stat_328541901	s	weapon.talisman	74,66,55,44,33,22,11,1
stat_3639275092	s	weapon.talisman	60,52,40,32,24
stat_3695891184	s	weapon.talisman	77,66,55,44,33,22,11,1
stat_4080418644	s	weapon.talisman	74,66,55,44,33,22,11,1
stat_518292764	s	weapon.talisman	73,59,44,30,20,1
stat_55876295	s	weapon.talisman	65,54,38,21
stat_669069897	s	weapon.talisman	65,54,38,21
stat_681332047	s	weapon.talisman	77,60,45,37,30,22,11,1
stat_748522257	s	weapon.talisman	71,58,44,30,18,5
stat_791928121	s	weapon.talisman	74,58,44,30,20,5
stat_821021828	s	weapon.talisman	40,30,20,8
stat_9187492	s	weapon.talisman	81,55,36,18
stat_1037193709	p	weapon.twoaxe	81,75,65,60,54,46,33,16,8,1
stat_1509134228	p	weapon.twoaxe	82,75,60,46,33,16,8,1
stat_1509134228+stat_691932474	p	weapon.twoaxe	81,70,65,54,38,23,14,8
stat_1509134228+stat_803737631	p	weapon.twoaxe	81,70,65,54,38,23,14,8
stat_1940865751	p	weapon.twoaxe	75,65,60,54,46,33,16,8,1
stat_3336890334	p	weapon.twoaxe	81,75,65,60,54,46,33,16,8,1
stat_387439868	p	weapon.twoaxe	81,60,46,33,16,4
stat_691932474	p	weapon.twoaxe	76,67,58,48,36,26,18,13,8
stat_709508406	p	weapon.twoaxe	81,75,65,60,54,46,33,16,8,1
stat_803737631	p	weapon.twoaxe	76,67,58,48,36,26,18,13,8
stat_1263695895+stat_691932474	s	weapon.twoaxe	30,15,8
stat_1263695895+stat_803737631	s	weapon.twoaxe	30,15,8
stat_1368271171	s	weapon.twoaxe	78,67,56,45,34,23,12,1
stat_210067635	s	weapon.twoaxe	77,60,45,37,30,22,11,1
stat_2694482655	s	weapon.twoaxe	73,59,44,30,21,8
stat_3639275092	s	weapon.twoaxe	60,52,40,32,24
stat_3695891184	s	weapon.twoaxe	77,66,55,44,33,22,11,1
stat_4080418644	s	weapon.twoaxe	74,66,55,44,33,22,11,1
stat_518292764	s	weapon.twoaxe	73,59,44,30,20,1
stat_55876295	s	weapon.twoaxe	65,54,38,21
stat_669069897	s	weapon.twoaxe	65,54,38,21
stat_681332047	s	weapon.twoaxe	77,60,45,37,30,22,11,1
stat_748522257	s	weapon.twoaxe	71,58,44,30,18,5
stat_791928121	s	weapon.twoaxe	74,58,44,30,20,5
stat_821021828	s	weapon.twoaxe	40,30,20,8
stat_9187492	s	weapon.twoaxe	81,55,36,18
stat_1037193709	p	weapon.twomace	81,75,65,60,54,46,33,16,8,1
stat_1509134228	p	weapon.twomace	82,75,60,46,33,16,8,1
stat_1509134228+stat_691932474	p	weapon.twomace	81,70,65,54,38,23,14,8
stat_1509134228+stat_803737631	p	weapon.twomace	81,70,65,54,38,23,14,8
stat_1940865751	p	weapon.twomace	75,65,60,54,46,33,16,8,1
stat_3336890334	p	weapon.twomace	81,75,65,60,54,46,33,16,8,1
stat_387439868	p	weapon.twomace	81,60,46,33,16,4
stat_691932474	p	weapon.twomace	76,67,58,48,36,26,18,13,8
stat_709508406	p	weapon.twomace	81,75,65,60,54,46,33,16,8,1
stat_803737631	p	weapon.twomace	76,67,58,48,36,26,18,13,8
stat_1263695895+stat_691932474	s	weapon.twomace	30,15,8
stat_1263695895+stat_803737631	s	weapon.twomace	30,15,8
stat_1368271171	s	weapon.twomace	78,67,56,45,34,23,12,1
stat_210067635	s	weapon.twomace	77,60,45,37,30,22,11,1
stat_2694482655	s	weapon.twomace	73,59,44,30,21,8
stat_3639275092	s	weapon.twomace	60,52,40,32,24
stat_3695891184	s	weapon.twomace	77,66,55,44,33,22,11,1
stat_4080418644	s	weapon.twomace	74,66,55,44,33,22,11,1
stat_518292764	s	weapon.twomace	73,59,44,30,20,1
stat_55876295	s	weapon.twomace	65,54,38,21
stat_669069897	s	weapon.twomace	65,54,38,21
stat_681332047	s	weapon.twomace	77,60,45,37,30,22,11,1
stat_748522257	s	weapon.twomace	71,58,44,30,18,5
stat_791928121	s	weapon.twomace	74,58,44,30,20,5
stat_821021828	s	weapon.twomace	40,30,20,8
stat_9187492	s	weapon.twomace	81,55,36,18
stat_1037193709	p	weapon.twosword	81,75,65,60,54,46,33,16,8,1
stat_1509134228	p	weapon.twosword	82,75,60,46,33,16,8,1
stat_1509134228+stat_691932474	p	weapon.twosword	81,70,65,54,38,23,14,8
stat_1509134228+stat_803737631	p	weapon.twosword	81,70,65,54,38,23,14,8
stat_1940865751	p	weapon.twosword	75,65,60,54,46,33,16,8,1
stat_3336890334	p	weapon.twosword	81,75,65,60,54,46,33,16,8,1
stat_387439868	p	weapon.twosword	81,60,46,33,16,4
stat_691932474	p	weapon.twosword	76,67,58,48,36,26,18,13,8
stat_709508406	p	weapon.twosword	81,75,65,60,54,46,33,16,8,1
stat_803737631	p	weapon.twosword	76,67,58,48,36,26,18,13,8
stat_1263695895+stat_691932474	s	weapon.twosword	30,15,8
stat_1263695895+stat_803737631	s	weapon.twosword	30,15,8
stat_1368271171	s	weapon.twosword	78,67,56,45,34,23,12,1
stat_210067635	s	weapon.twosword	77,60,45,37,30,22,11,1
stat_2694482655	s	weapon.twosword	73,59,44,30,21,8
stat_3261801346	s	weapon.twosword	74,66,55,44,33,22,11,1
stat_3639275092	s	weapon.twosword	60,52,40,32,24
stat_3695891184	s	weapon.twosword	77,66,55,44,33,22,11,1
stat_4080418644	s	weapon.twosword	74,66,55,44,33,22,11,1
stat_518292764	s	weapon.twosword	73,59,44,30,20,1
stat_55876295	s	weapon.twosword	65,54,38,21
stat_669069897	s	weapon.twosword	65,54,38,21
stat_681332047	s	weapon.twosword	77,60,45,37,30,22,11,1
stat_748522257	s	weapon.twosword	71,58,44,30,18,5
stat_791928121	s	weapon.twosword	74,58,44,30,20,5
stat_821021828	s	weapon.twosword	40,30,20,8
stat_9187492	s	weapon.twosword	81,55,36,18
stat_1050105434	p	weapon.wand	70,65,60,54,46,38,33,25,16,6,1
stat_1050105434+stat_2974417149	p	weapon.wand	80,60,46,38,23,11,2
stat_2231156303	p	weapon.wand	81,70,60,46,33,16,8,2
stat_2505884597	p	weapon.wand	80,60,46,33,16,5
stat_2768835289	p	weapon.wand	81,70,60,46,33,16,8,2
stat_2974417149	p	weapon.wand	80,70,60,46,33,16,8,1
stat_3015669065	p	weapon.wand	80,60,46,33,16,5
stat_3278136794	p	weapon.wand	80,60,46,33,16,5
stat_3291658075	p	weapon.wand	81,70,60,46,33,16,8,2
stat_3962278098	p	weapon.wand	81,70,60,46,33,16,8,2
stat_736967255	p	weapon.wand	81,70,60,46,33,16,8,2
stat_124131830	s	weapon.wand	78,55,25,5
stat_1263695895+stat_789117908	s	weapon.wand	30,15,8
stat_1368271171	s	weapon.wand	78,67,56,45,34,23,12,1
stat_1545858329	s	weapon.wand	81,55,36,18,2
stat_1600707273	s	weapon.wand	81,55,36,18,2
stat_2254480358	s	weapon.wand	81,55,36,18,2
stat_274716455	s	weapon.wand	73,59,44,30,21,8
stat_2891184298	s	weapon.wand	80,70,60,45,30,15,1
stat_293638271	s	weapon.wand	75,60,45,30,15
stat_2968503605	s	weapon.wand	75,60,45,30,15
stat_328541901	s	weapon.wand	74,66,55,44,33,22,11,1
stat_3639275092	s	weapon.wand	60,52,40,32,24
stat_3695891184	s	weapon.wand	77,66,55,44,33,22,11,1
stat_4226189338	s	weapon.wand	81,55,36,18,2
stat_473429811	s	weapon.wand	75,60,45,30,15
stat_591105508	s	weapon.wand	81,55,36,18,2
stat_737908626	s	weapon.wand	76,59,41,28,21,11
stat_789117908	s	weapon.wand	79,55,42,29,18,1
stat_1037193709	p	weapon.warstaff	81,75,65,60,54,46,33,16,8,1
stat_1509134228	p	weapon.warstaff	82,75,60,46,33,16,8,1
stat_1509134228+stat_691932474	p	weapon.warstaff	81,70,65,54,38,23,14,8
stat_1509134228+stat_803737631	p	weapon.warstaff	81,70,65,54,38,23,14,8
stat_1940865751	p	weapon.warstaff	75,65,60,54,46,33,16,8,1
stat_3336890334	p	weapon.warstaff	81,75,65,60,54,46,33,16,8,1
stat_387439868	p	weapon.warstaff	81,60,46,33,16,4
stat_691932474	p	weapon.warstaff	76,67,58,48,36,26,18,13,8
stat_709508406	p	weapon.warstaff	81,75,65,60,54,46,33,16,8,1
stat_803737631	p	weapon.warstaff	76,67,58,48,36,26,18,13,8
stat_1263695895+stat_691932474	s	weapon.warstaff	30,15,8
stat_1263695895+stat_803737631	s	weapon.warstaff	30,15,8
stat_1368271171	s	weapon.warstaff	78,67,56,45,34,23,12,1
stat_210067635	s	weapon.warstaff	77,60,45,37,30,22,11,1
stat_2694482655	s	weapon.warstaff	73,59,44,30,21,8
stat_3261801346	s	weapon.warstaff	74,66,55,44,33,22,11,1
stat_328541901	s	weapon.warstaff	74,66,55,44,33,22,11,1
stat_3639275092	s	weapon.warstaff	60,52,40,32,24
stat_3695891184	s	weapon.warstaff	77,66,55,44,33,22,11,1
stat_518292764	s	weapon.warstaff	73,59,44,30,20,1
stat_55876295	s	weapon.warstaff	65,54,38,21
stat_669069897	s	weapon.warstaff	65,54,38,21
stat_681332047	s	weapon.warstaff	77,60,45,37,30,22,11,1
stat_748522257	s	weapon.warstaff	71,58,44,30,18,5
stat_791928121	s	weapon.warstaff	74,58,44,30,20,5
stat_821021828	s	weapon.warstaff	40,30,20,8
stat_9187492	s	weapon.warstaff	81,55,36,18
