Metadata/Items/Brequel/FruitAmulet	ornate-wombgift	Breach
Metadata/Items/Brequel/FruitBelt	banded-wombgift	Breach
Metadata/Items/Brequel/FruitBreachstone	revelatory-wombgift	Breach
Metadata/Items/Brequel/FruitCurrency	lavish-wombgift	Breach
Metadata/Items/Brequel/FruitRing	signet-wombgift	Breach
Metadata/Items/Currency/Abyss/AbyssPinnacleKey	kulemaks-invitation	Fragments
Metadata/Items/Currency/AbyssalBenchTicketArmour	preserved-rib	Abyss
Metadata/Items/Currency/AbyssalBenchTicketArmourHigh	ancient-rib	Abyss
Metadata/Items/Currency/AbyssalBenchTicketArmourLow	gnawed-rib	Abyss
Metadata/Items/Currency/AbyssalBenchTicketBreach	altered-collarbone	Abyss
Metadata/Items/Currency/AbyssalBenchTicketJewel	preserved-cranium	Abyss
Metadata/Items/Currency/AbyssalBenchTicketJewellery	preserved-collarbone	Abyss
Metadata/Items/Currency/AbyssalBenchTicketJewelleryHigh	ancient-collarbone	Abyss
Metadata/Items/Currency/AbyssalBenchTicketJewelleryLow	gnawed-collarbone	Abyss
Metadata/Items/Currency/AbyssalBenchTicketWaystone	preserved-vertebrae	Abyss
Metadata/Items/Currency/AbyssalBenchTicketWeapon	preserved-jawbone	Abyss
Metadata/Items/Currency/AbyssalBenchTicketWeaponHigh	ancient-jawbone	Abyss
Metadata/Items/Currency/AbyssalBenchTicketWeaponLow	gnawed-jawbone	Abyss
Metadata/Items/Currency/Atlas/VaalAtlasKey	idol-of-estazunti	Fragments
Metadata/Items/Currency/Breach/BreachPinnacleKey	breachlord-sac	Fragments
Metadata/Items/Currency/CurrencyAddEquipmentSocket	artificers	Currency
Metadata/Items/Currency/CurrencyAddEquipmentSocketShard	artificers-shard	Currency
Metadata/Items/Currency/CurrencyAddModToMagic	aug	Currency
Metadata/Items/Currency/CurrencyAddModToMagic2	greater-orb-of-augmentation	Currency
Metadata/Items/Currency/CurrencyAddModToMagic3	perfect-orb-of-augmentation	Currency
Metadata/Items/Currency/CurrencyAddModToRare	exalted	Currency
Metadata/Items/Currency/CurrencyAddModToRare2	greater-exalted-orb	Currency
Metadata/Items/Currency/CurrencyAddModToRare3	perfect-exalted-orb	Currency
Metadata/Items/Currency/CurrencyAddSkillGemSocket3	lesser-jewellers-orb	Currency
Metadata/Items/Currency/CurrencyAddSkillGemSocket4	greater-jewellers-orb	Currency
Metadata/Items/Currency/CurrencyAddSkillGemSocket5	perfect-jewellers-orb	Currency
Metadata/Items/Currency/CurrencyAfflictionShard	simulacrum-splinter	Delirium
Metadata/Items/Currency/CurrencyArcaneFluxChaos	void-flux	Expedition
Metadata/Items/Currency/CurrencyArcaneFluxCold	chilling-flux	Expedition
Metadata/Items/Currency/CurrencyArcaneFluxFire	blazing-flux	Expedition
Metadata/Items/Currency/CurrencyArcaneFluxLightning	crackling-flux	Expedition
Metadata/Items/Currency/CurrencyArmourQuality	scrap	Currency
Metadata/Items/Currency/CurrencyBreachShard	breach-splinter	Breach
Metadata/Items/Currency/CurrencyCorrupt	vaal	Currency
Metadata/Items/Currency/CurrencyCorruptedEssenceAbyss	essence-of-the-abyss	Essences
Metadata/Items/Currency/CurrencyCorruptedEssenceBreach	essence-of-the-breach	Essences
Metadata/Items/Currency/CurrencyCorruptedEssenceDelirium	essence-of-delirium	Essences
Metadata/Items/Currency/CurrencyCorruptedEssenceHorror	essence-of-horror	Essences
Metadata/Items/Currency/CurrencyCorruptedEssenceHysteria	essence-of-hysteria	Essences
Metadata/Items/Currency/CurrencyCorruptedEssenceInsanity	essence-of-insanity	Essences
Metadata/Items/Currency/CurrencyDuplicate	mirror	Currency
Metadata/Items/Currency/CurrencyEssenceAlly	essence-of-command	Essences
Metadata/Items/Currency/CurrencyEssenceAttack	essence-of-battle	Essences
Metadata/Items/Currency/CurrencyEssenceAttribute	essence-of-the-infinite	Essences
Metadata/Items/Currency/CurrencyEssenceCaster	essence-of-sorcery	Essences
Metadata/Items/Currency/CurrencyEssenceChaos	essence-of-ruin	Essences
Metadata/Items/Currency/CurrencyEssenceCold	essence-of-ice	Essences
Metadata/Items/Currency/CurrencyEssenceColdResist	essence-of-thawing	Essences
Metadata/Items/Currency/CurrencyEssenceCritical	essence-of-seeking	Essences
Metadata/Items/Currency/CurrencyEssenceDefences	essence-of-enhancement	Essences
Metadata/Items/Currency/CurrencyEssenceFire	essence-of-flames	Essences
Metadata/Items/Currency/CurrencyEssenceFireResist	essence-of-insulation	Essences
Metadata/Items/Currency/CurrencyEssenceLife	essence-of-the-body	Essences
Metadata/Items/Currency/CurrencyEssenceLightning	essence-of-electricity	Essences
Metadata/Items/Currency/CurrencyEssenceLightningResist	essence-of-grounding	Essences
Metadata/Items/Currency/CurrencyEssenceMana	essence-of-the-mind	Essences
Metadata/Items/Currency/CurrencyEssencePhysical	essence-of-abrasion	Essences
Metadata/Items/Currency/CurrencyEssenceRarity	essence-of-opulence	Essences
Metadata/Items/Currency/CurrencyEssenceSpeed	essence-of-haste	Essences
Metadata/Items/Currency/CurrencyEssenceSpeedCaster	essence-of-alacrity	Essences
Metadata/Items/Currency/CurrencyExpeditionShard	runic-splinter	Fragments
Metadata/Items/Currency/CurrencyFlaskQuality	bauble	Currency
Metadata/Items/Currency/CurrencyFractureRare	fracturing-orb	Currency
Metadata/Items/Currency/CurrencyGemQuality	gcp	Currency
Metadata/Items/Currency/CurrencyGreaterEssenceAlly	greater-essence-of-command	Essences
Metadata/Items/Currency/CurrencyGreaterEssenceAttack	greater-essence-of-battle	Essences
Metadata/Items/Currency/CurrencyGreaterEssenceAttribute	greater-essence-of-the-infinite	Essences
Metadata/Items/Currency/CurrencyGreaterEssenceCaster	greater-essence-of-sorcery	Essences
Metadata/Items/Currency/CurrencyGreaterEssenceChaos	greater-essence-of-ruin	Essences
Metadata/Items/Currency/CurrencyGreaterEssenceCold	greater-essence-of-ice	Essences
Metadata/Items/Currency/CurrencyGreaterEssenceColdResist	greater-essence-of-thawing	Essences
Metadata/Items/Currency/CurrencyGreaterEssenceCritical	greater-essence-of-seeking	Essences
Metadata/Items/Currency/CurrencyGreaterEssenceDefences	greater-essence-of-enhancement	Essences
Metadata/Items/Currency/CurrencyGreaterEssenceFire	greater-essence-of-flames	Essences
Metadata/Items/Currency/CurrencyGreaterEssenceFireResist	greater-essence-of-insulation	Essences
Metadata/Items/Currency/CurrencyGreaterEssenceLife	greater-essence-of-the-body	Essences
Metadata/Items/Currency/CurrencyGreaterEssenceLightning	greater-essence-of-electricity	Essences
Metadata/Items/Currency/CurrencyGreaterEssenceLightningResist	greater-essence-of-grounding	Essences
Metadata/Items/Currency/CurrencyGreaterEssenceMana	greater-essence-of-the-mind	Essences
Metadata/Items/Currency/CurrencyGreaterEssencePhysical	greater-essence-of-abrasion	Essences
Metadata/Items/Currency/CurrencyGreaterEssenceRarity	greater-essence-of-opulence	Essences
Metadata/Items/Currency/CurrencyGreaterEssenceSpeed	greater-essence-of-haste	Essences
Metadata/Items/Currency/CurrencyGreaterEssenceSpeedCaster	greater-essence-of-alacrity	Essences
Metadata/Items/Currency/CurrencyHinekorasLock	hinekoras-lock	Currency
Metadata/Items/Currency/CurrencyIdentification	wisdom	Currency
Metadata/Items/Currency/CurrencyIncursionCasterWeaponQuality	vaal-arcanists-infuser	Vaal
Metadata/Items/Currency/CurrencyIncursionCorruptTablet	ancient-infuser	Vaal
Metadata/Items/Currency/CurrencyIncursionDoubleCorrupt	architects-orb	Vaal
Metadata/Items/Currency/CurrencyIncursionDoubleCorruptGem	crystallised-corruption	Vaal
Metadata/Items/Currency/CurrencyIncursionExtractAllSocketablesBench	orb-of-extraction	Vaal
Metadata/Items/Currency/CurrencyIncursionExtractAllSocketablesCurrency	orb-of-extraction	Vaal
Metadata/Items/Currency/CurrencyIncursionJewelleryQuality	vaal-catalysing-infuser	Vaal
Metadata/Items/Currency/CurrencyIncursionMartialWeaponQuality	vaal-blacksmiths-infuser	Vaal
Metadata/Items/Currency/CurrencyIncursionModifySoulCore	core-destabiliser	Vaal
Metadata/Items/Currency/CurrencyIncursionMutateCorruptionEnchantArmour	kopecs-orb-of-sacrifice	Vaal
Metadata/Items/Currency/CurrencyIncursionMutateCorruptionEnchantJewel	yuguls-orb-of-sacrifice	Vaal
Metadata/Items/Currency/CurrencyIncursionMutateCorruptionEnchantJewellery	kamasas-orb-of-sacrifice	Vaal
Metadata/Items/Currency/CurrencyIncursionMutateCorruptionEnchantWeapon	yaomacs-orb-of-sacrifice	Vaal
Metadata/Items/Currency/CurrencyIncursionMutateUnique	vaal-cultivation-orb	Vaal
Metadata/Items/Currency/CurrencyIncursionVaalIncubator	vaal-siphoner	Vaal
Metadata/Items/Currency/CurrencyIncursionWeaponOrArmourQualityHigh	vaal-armourers-infuser	Vaal
Metadata/Items/Currency/CurrencyJewelQualityAttack	refined-reaver-catalyst	Breach
Metadata/Items/Currency/CurrencyJewelQualityAttribute	refined-adaptive-catalyst	Breach
Metadata/Items/Currency/CurrencyJewelQualityCaster	refined-sibilant-catalyst	Breach
Metadata/Items/Currency/CurrencyJewelQualityChaos	refined-chayulas-catalyst	Breach
Metadata/Items/Currency/CurrencyJewelQualityCold	refined-tuls-catalyst	Breach
Metadata/Items/Currency/CurrencyJewelQualityDefences	refined-carapace-catalyst	Breach
Metadata/Items/Currency/CurrencyJewelQualityFire	refined-xophs-catalyst	Breach
Metadata/Items/Currency/CurrencyJewelQualityLife	refined-flesh-catalyst	Breach
Metadata/Items/Currency/CurrencyJewelQualityLightning	refined-eshs-catalyst	Breach
Metadata/Items/Currency/CurrencyJewelQualityMana	refined-neural-catalyst	Breach
Metadata/Items/Currency/CurrencyJewelQualityMinion	refined-necrotic-catalyst	Breach
Metadata/Items/Currency/CurrencyJewelQualityPhysical	refined-uul-netols-catalyst	Breach
Metadata/Items/Currency/CurrencyJewelQualitySpeed	refined-skittering-catalyst	Breach
Metadata/Items/Currency/CurrencyJewelleryQualityAttack	reaver-catalyst	Breach
Metadata/Items/Currency/CurrencyJewelleryQualityAttribute	adaptive-catalyst	Breach
Metadata/Items/Currency/CurrencyJewelleryQualityCaster	sibilant-catalyst	Breach
Metadata/Items/Currency/CurrencyJewelleryQualityChaos	chayulas-catalyst	Breach
Metadata/Items/Currency/CurrencyJewelleryQualityCold	tuls-catalyst	Breach
Metadata/Items/Currency/CurrencyJewelleryQualityDefences	carapace-catalyst	Breach
Metadata/Items/Currency/CurrencyJewelleryQualityFire	xophs-catalyst	Breach
Metadata/Items/Currency/CurrencyJewelleryQualityLife	flesh-catalyst	Breach
Metadata/Items/Currency/CurrencyJewelleryQualityLightning	eshs-catalyst	Breach
Metadata/Items/Currency/CurrencyJewelleryQualityMana	neural-catalyst	Breach
Metadata/Items/Currency/CurrencyJewelleryQualityMinion	necrotic-catalyst	Breach
Metadata/Items/Currency/CurrencyJewelleryQualityPhysical	uul-netols-catalyst	Breach
Metadata/Items/Currency/CurrencyJewelleryQualitySpeed	skittering-catalyst	Breach
Metadata/Items/Currency/CurrencyLesserEssenceAlly	lesser-essence-of-command	Essences
Metadata/Items/Currency/CurrencyLesserEssenceAttack	lesser-essence-of-battle	Essences
Metadata/Items/Currency/CurrencyLesserEssenceAttribute	lesser-essence-of-the-infinite	Essences
Metadata/Items/Currency/CurrencyLesserEssenceCaster	lesser-essence-of-sorcery	Essences
Metadata/Items/Currency/CurrencyLesserEssenceChaos	lesser-essence-of-ruin	Essences
Metadata/Items/Currency/CurrencyLesserEssenceCold	lesser-essence-of-ice	Essences
Metadata/Items/Currency/CurrencyLesserEssenceColdResist	lesser-essence-of-thawing	Essences
Metadata/Items/Currency/CurrencyLesserEssenceCritical	lesser-essence-of-seeking	Essences
Metadata/Items/Currency/CurrencyLesserEssenceDefences	lesser-essence-of-enhancement	Essences
Metadata/Items/Currency/CurrencyLesserEssenceFire	lesser-essence-of-flames	Essences
Metadata/Items/Currency/CurrencyLesserEssenceFireResist	lesser-essence-of-insulation	Essences
Metadata/Items/Currency/CurrencyLesserEssenceLife	lesser-essence-of-the-body	Essences
Metadata/Items/Currency/CurrencyLesserEssenceLightning	lesser-essence-of-electricity	Essences
Metadata/Items/Currency/CurrencyLesserEssenceLightningResist	lesser-essence-of-grounding	Essences
Metadata/Items/Currency/CurrencyLesserEssenceMana	lesser-essence-of-the-mind	Essences
Metadata/Items/Currency/CurrencyLesserEssencePhysical	lesser-essence-of-abrasion	Essences
Metadata/Items/Currency/CurrencyLesserEssenceRarity	lesser-essence-of-opulence	Essences
Metadata/Items/Currency/CurrencyLesserEssenceSpeed	lesser-essence-of-haste	Essences
Metadata/Items/Currency/CurrencyLesserEssenceSpeedCaster	lesser-essence-of-alacrity	Essences
Metadata/Items/Currency/CurrencyMagicQuality	etcher	Currency
Metadata/Items/Currency/CurrencyModValues	divine	Currency
Metadata/Items/Currency/CurrencyPerfectEssenceAlly	perfect-essence-of-command	Essences
Metadata/Items/Currency/CurrencyPerfectEssenceAttack	perfect-essence-of-battle	Essences
Metadata/Items/Currency/CurrencyPerfectEssenceAttribute	perfect-essence-of-the-infinite	Essences
Metadata/Items/Currency/CurrencyPerfectEssenceCaster	perfect-essence-of-sorcery	Essences
Metadata/Items/Currency/CurrencyPerfectEssenceChaos	perfect-essence-of-ruin	Essences
Metadata/Items/Currency/CurrencyPerfectEssenceCold	perfect-essence-of-ice	Essences
Metadata/Items/Currency/CurrencyPerfectEssenceColdResist	perfect-essence-of-thawing	Essences
Metadata/Items/Currency/CurrencyPerfectEssenceCritical	perfect-essence-of-seeking	Essences
Metadata/Items/Currency/CurrencyPerfectEssenceDefences	perfect-essence-of-enhancement	Essences
Metadata/Items/Currency/CurrencyPerfectEssenceFire	perfect-essence-of-flames	Essences
Metadata/Items/Currency/CurrencyPerfectEssenceFireResist	perfect-essence-of-insulation	Essences
Metadata/Items/Currency/CurrencyPerfectEssenceLife	perfect-essence-of-the-body	Essences
Metadata/Items/Currency/CurrencyPerfectEssenceLightning	perfect-essence-of-electricity	Essences
Metadata/Items/Currency/CurrencyPerfectEssenceLightningResist	perfect-essence-of-grounding	Essences
Metadata/Items/Currency/CurrencyPerfectEssenceMana	perfect-essence-of-the-mind	Essences
Metadata/Items/Currency/CurrencyPerfectEssencePhysical	perfect-essence-of-abrasion	Essences
Metadata/Items/Currency/CurrencyPerfectEssenceRarity	perfect-essence-of-opulence	Essences
Metadata/Items/Currency/CurrencyPerfectEssenceSpeed	perfect-essence-of-haste	Essences
Metadata/Items/Currency/CurrencyPerfectEssenceSpeedCaster	perfect-essence-of-alacrity	Essences
Metadata/Items/Currency/CurrencyRemoveMod	annul	Currency
Metadata/Items/Currency/CurrencyRerollRare	chaos	Currency
Metadata/Items/Currency/CurrencyRerollRare2	greater-chaos-orb	Currency
Metadata/Items/Currency/CurrencyRerollRare3	perfect-chaos-orb	Currency
Metadata/Items/Currency/CurrencyRerollRemnant	liquid-verisium	Verisium
Metadata/Items/Currency/CurrencyRitualShard	petition-splinter	Ritual
Metadata/Items/Currency/CurrencySetKalguuranSkillGemLevel10	thaumaturgic-flux-10	Expedition
Metadata/Items/Currency/CurrencySetKalguuranSkillGemLevel11	thaumaturgic-flux-11	Expedition
Metadata/Items/Currency/CurrencySetKalguuranSkillGemLevel12	thaumaturgic-flux-12	Expedition
Metadata/Items/Currency/CurrencySetKalguuranSkillGemLevel13	thaumaturgic-flux-13	Expedition
Metadata/Items/Currency/CurrencySetKalguuranSkillGemLevel14	thaumaturgic-flux-14	Expedition
Metadata/Items/Currency/CurrencySetKalguuranSkillGemLevel15	thaumaturgic-flux-15	Expedition
Metadata/Items/Currency/CurrencySetKalguuranSkillGemLevel16	thaumaturgic-flux-16	Expedition
Metadata/Items/Currency/CurrencySetKalguuranSkillGemLevel17	thaumaturgic-flux-17	Expedition
Metadata/Items/Currency/CurrencySetKalguuranSkillGemLevel18	thaumaturgic-flux-18	Expedition
Metadata/Items/Currency/CurrencySetKalguuranSkillGemLevel19	thaumaturgic-flux-19	Expedition
Metadata/Items/Currency/CurrencySetKalguuranSkillGemLevel2	thaumaturgic-flux-2	Expedition
Metadata/Items/Currency/CurrencySetKalguuranSkillGemLevel20	thaumaturgic-flux-20	Expedition
Metadata/Items/Currency/CurrencySetKalguuranSkillGemLevel3	thaumaturgic-flux-3	Expedition
Metadata/Items/Currency/CurrencySetKalguuranSkillGemLevel4	thaumaturgic-flux-4	Expedition
Metadata/Items/Currency/CurrencySetKalguuranSkillGemLevel5	thaumaturgic-flux-5	Expedition
Metadata/Items/Currency/CurrencySetKalguuranSkillGemLevel6	thaumaturgic-flux-6	Expedition
Metadata/Items/Currency/CurrencySetKalguuranSkillGemLevel7	thaumaturgic-flux-7	Expedition
Metadata/Items/Currency/CurrencySetKalguuranSkillGemLevel8	thaumaturgic-flux-8	Expedition
Metadata/Items/Currency/CurrencySetKalguuranSkillGemLevel9	thaumaturgic-flux-9	Expedition
Metadata/Items/Currency/CurrencyUpgradeInherentTo20	perfect-flux	Expedition
Metadata/Items/Currency/CurrencyUpgradeMagicToRare	regal	Currency
Metadata/Items/Currency/CurrencyUpgradeMagicToRare2	greater-regal-orb	Currency
Metadata/Items/Currency/CurrencyUpgradeMagicToRare3	perfect-regal-orb	Currency
Metadata/Items/Currency/CurrencyUpgradeMagicToRareShard	regal-shard	Currency
Metadata/Items/Currency/CurrencyUpgradeRandomly	chance	Currency
Metadata/Items/Currency/CurrencyUpgradeRandomlyShard	chance-shard	Currency
Metadata/Items/Currency/CurrencyUpgradeToMagic	transmute	Currency
Metadata/Items/Currency/CurrencyUpgradeToMagic2	greater-orb-of-transmutation	Currency
Metadata/Items/Currency/CurrencyUpgradeToMagic3	perfect-orb-of-transmutation	Currency
Metadata/Items/Currency/CurrencyUpgradeToMagicShard	transmutation-shard	Currency
Metadata/Items/Currency/CurrencyUpgradeToRare	alch	Currency
Metadata/Items/Currency/CurrencyVerisiumAlloy1	runic-alloy	Verisium
Metadata/Items/Currency/CurrencyVerisiumAlloy10	celestial-alloy	Verisium
Metadata/Items/Currency/CurrencyVerisiumAlloy11	transcendent-alloy	Verisium
Metadata/Items/Currency/CurrencyVerisiumAlloy12	the-runebinders-alloy	Verisium
Metadata/Items/Currency/CurrencyVerisiumAlloy13	the-runefathers-alloy	Verisium
Metadata/Items/Currency/CurrencyVerisiumAlloy2	adaptive-alloy	Verisium
Metadata/Items/Currency/CurrencyVerisiumAlloy3	protective-alloy	Verisium
Metadata/Items/Currency/CurrencyVerisiumAlloy4	expansive-alloy	Verisium
Metadata/Items/Currency/CurrencyVerisiumAlloy5	swift-alloy	Verisium
Metadata/Items/Currency/CurrencyVerisiumAlloy6	cyclonic-alloy	Verisium
Metadata/Items/Currency/CurrencyVerisiumAlloy7	prismatic-alloy	Verisium
Metadata/Items/Currency/CurrencyVerisiumAlloy8	mystic-alloy	Verisium
Metadata/Items/Currency/CurrencyVerisiumAlloy9	sovereign-alloy	Verisium
Metadata/Items/Currency/CurrencyVerisiumMetal1	verisium	Verisium
Metadata/Items/Currency/CurrencyVerisiumMetal2	exceptional-verisium	Verisium
Metadata/Items/Currency/CurrencyVerisiumMetalBreach1	mutated-verisium	Verisium
Metadata/Items/Currency/CurrencyVerisiumMetalKalguur1	founders-verisium	Verisium
Metadata/Items/Currency/CurrencyVerisiumMetalUnique1	medveds-crest-of-the-circle	Verisium
Metadata/Items/Currency/CurrencyVerisiumMetalUnique2	voranas-crest-of-the-scythe	Verisium
Metadata/Items/Currency/CurrencyVerisiumMetalUnique3	uhtreds-crest-of-the-chalice	Verisium
Metadata/Items/Currency/CurrencyVerisiumMetalUnique4	olroths-crest-of-the-sun	Verisium
Metadata/Items/Currency/CurrencyVerisiumMetalVaal1	corrupted-verisium	Verisium
Metadata/Items/Currency/CurrencyVerisiumOreUniqueEventidePetals	veridical-starlit-ore	Verisium
Metadata/Items/Currency/CurrencyVerisiumOreUniqueEyesOfTheRunefather	venerable-starlit-ore	Verisium
Metadata/Items/Currency/CurrencyVerisiumOreUniqueSerlesGrit	starlit-ore	Verisium
Metadata/Items/Currency/CurrencyVerisiumOreUniqueStolvarheim	warding-starlit-ore	Verisium
Metadata/Items/Currency/CurrencyVerisiumOreUniqueTheUnleashed	revered-starlit-ore	Verisium
Metadata/Items/Currency/CurrencyWeaponQuality	whetstone	Currency
Metadata/Items/Currency/DistilledEmotion1	diluted-liquid-ire	Delirium
Metadata/Items/Currency/DistilledEmotion10	concentrated-liquid-isolation	Delirium
Metadata/Items/Currency/DistilledEmotion2	diluted-liquid-guilt	Delirium
Metadata/Items/Currency/DistilledEmotion3	diluted-liquid-greed	Delirium
Metadata/Items/Currency/DistilledEmotion4	liquid-paranoia	Delirium
Metadata/Items/Currency/DistilledEmotion5	liquid-envy	Delirium
Metadata/Items/Currency/DistilledEmotion6	liquid-disgust	Delirium
Metadata/Items/Currency/DistilledEmotion7	liquid-despair	Delirium
Metadata/Items/Currency/DistilledEmotion8	concentrated-liquid-fear	Delirium
Metadata/Items/Currency/DistilledEmotion9	concentrated-liquid-suffering	Delirium
Metadata/Items/Currency/DistilledEmotionTimeLost1	ancient-diluted-liquid-ire	Delirium
Metadata/Items/Currency/DistilledEmotionTimeLost10	ancient-concentrated-liquid-isolation	Delirium
Metadata/Items/Currency/DistilledEmotionTimeLost2	ancient-diluted-liquid-guilt	Delirium
Metadata/Items/Currency/DistilledEmotionTimeLost3	ancient-diluted-liquid-greed	Delirium
Metadata/Items/Currency/DistilledEmotionTimeLost4	ancient-liquid-paranoia	Delirium
Metadata/Items/Currency/DistilledEmotionTimeLost5	ancient-liquid-envy	Delirium
Metadata/Items/Currency/DistilledEmotionTimeLost6	ancient-liquid-disgust	Delirium
Metadata/Items/Currency/DistilledEmotionTimeLost7	ancient-liquid-despair	Delirium
Metadata/Items/Currency/DistilledEmotionTimeLost8	ancient-concentrated-liquid-fear	Delirium
Metadata/Items/Currency/DistilledEmotionTimeLost9	ancient-concentrated-liquid-suffering	Delirium
Metadata/Items/Currency/EndgameDistilledEmotion1	potent-liquid-melancholy	Delirium
Metadata/Items/Currency/EndgameDistilledEmotion2	potent-liquid-ferocity	Delirium
Metadata/Items/Currency/EndgameDistilledEmotion3	potent-liquid-contempt	Delirium
Metadata/Items/Currency/EndgameDistilledEmotionTimeLost1	ancient-potent-liquid-melancholy	Delirium
Metadata/Items/Currency/EndgameDistilledEmotionTimeLost2	ancient-potent-liquid-ferocity	Delirium
Metadata/Items/Currency/EndgameDistilledEmotionTimeLost3	ancient-potent-liquid-contempt	Delirium
Metadata/Items/Currency/OmenGambleNoGoldCost	omen-of-gambling	Ritual
Metadata/Items/Currency/OmenOnAbyssAddPrefixes	omen-of-sinistral-necromancy	Ritual
Metadata/Items/Currency/OmenOnAbyssAddSuffixes	omen-of-dextral-necromancy	Ritual
Metadata/Items/Currency/OmenOnAbyssGuarenteeLichTypeMod1	omen-of-the-sovereign	Ritual
Metadata/Items/Currency/OmenOnAbyssGuarenteeLichTypeMod2	omen-of-the-liege	Ritual
Metadata/Items/Currency/OmenOnAbyssGuarenteeLichTypeMod3	omen-of-the-blackblooded	Ritual
Metadata/Items/Currency/OmenOnAbyssRerollOptions	omen-of-abyssal-echoes	Ritual
Metadata/Items/Currency/OmenOnAbyssVeilAllAndCorrupt	omen-of-putrefaction	Ritual
Metadata/Items/Currency/OmenOnAnnulRemoveAbyssMod	omen-of-light	Ritual
Metadata/Items/Currency/OmenOnAnnulRemovePrefixes	omen-of-sinistral-annulment	Ritual
Metadata/Items/Currency/OmenOnAnnulRemoveSuffixes	omen-of-dextral-annulment	Ritual
Metadata/Items/Currency/OmenOnChanceAncientOrb	omen-of-the-ancients	Ritual
Metadata/Items/Currency/OmenOnChanceNotDestroy	omen-of-chance	Ritual
Metadata/Items/Currency/OmenOnChaosLowestLevelMod	omen-of-whittling	Ritual
Metadata/Items/Currency/OmenOnChaosMapItemRarity	omen-of-chaotic-rarity	Ritual
Metadata/Items/Currency/OmenOnChaosMapMonsterEffectiveness	omen-of-chaotic-effectiveness	Ritual
Metadata/Items/Currency/OmenOnChaosMapMonsterRarity	omen-of-chaotic-monsters	Ritual
Metadata/Items/Currency/OmenOnChaosMapPackSize	omen-of-chaotic-quantity	Ritual
Metadata/Items/Currency/OmenOnChaosPrefix	omen-of-sinistral-erasure	Ritual
Metadata/Items/Currency/OmenOnChaosSuffix	omen-of-dextral-erasure	Ritual
Metadata/Items/Currency/OmenOnDeathPreventExpLoss	omen-of-amelioration	Ritual
Metadata/Items/Currency/OmenOnDivineRerollImplicits	omen-of-the-blessed	Ritual
Metadata/Items/Currency/OmenOnDivineSanctify	omen-of-sanctification	Ritual
Metadata/Items/Currency/OmenOnExaltAddExistingModType	omen-of-homogenising-exaltation	Ritual
Metadata/Items/Currency/OmenOnExaltAddPrefixes	omen-of-sinistral-exaltation	Ritual
Metadata/Items/Currency/OmenOnExaltAddSuffixes	omen-of-dextral-exaltation	Ritual
Metadata/Items/Currency/OmenOnExaltAddTwoMods	omen-of-greater-exaltation	Ritual
Metadata/Items/Currency/OmenOnExaltConsumeQuality	omen-of-catalysing-exaltation	Ritual
Metadata/Items/Currency/OmenOnLowLifeFullyHeal	omen-of-resurgence	Ritual
Metadata/Items/Currency/OmenOnLowLifeRecoverCharges	omen-of-refreshment	Ritual
Metadata/Items/Currency/OmenOnPerfectEssencePrefix	omen-of-sinistral-crystallisation	Ritual
Metadata/Items/Currency/OmenOnPerfectEssenceSuffix	omen-of-dextral-crystallisation	Ritual
Metadata/Items/Currency/OmenOnRegalAddExistingModType	omen-of-homogenising-coronation	Ritual
Metadata/Items/Currency/OmenOnVaalRemoveDoNothingOutcome	omen-of-corruption	Ritual
Metadata/Items/Currency/OmenRogueExileSummonsPartyMember	omen-of-reinforcements	Ritual
Metadata/Items/Currency/OmenSellVendorRandomise	omen-of-bartering	Ritual
Metadata/Items/Currency/OmenShrineAdditionalEffect	omen-of-answered-prayers	Ritual
Metadata/Items/Currency/OmenStrongboxOpenableAgain	omen-of-secret-compartments	Ritual
Metadata/Items/Currency/OmenTormentedMonsterReleased	omen-of-the-hunt	Ritual
Metadata/Items/Currency/Ritual/RitualPinnacleKey	head-of-the-king	Ritual
Metadata/Items/Currency/StrongboxKey	cryptic-key	Currency
Metadata/Items/Expedition/Expedition2Logbook	expedition-logbook	Expedition
Metadata/Items/Expedition/Expedition2LogbookMedved	medveds-saga	Expedition
Metadata/Items/Expedition/Expedition2LogbookOlroth	olroths-saga	Expedition
Metadata/Items/Expedition/Expedition2LogbookSpecial	aldurs-saga	Expedition
Metadata/Items/Expedition/Expedition2LogbookUhtred	uhtreds-saga	Expedition
Metadata/Items/Expedition/Expedition2LogbookVorana	voranas-saga	Expedition
Metadata/Items/Expedition/ExpeditionLogbook	expedition-logbook	Expedition
Metadata/Items/Gem/SupportGemAmanamusTithe	amanamus-tithe	LineageSupportGems
Metadata/Items/Gem/SupportGemAmmoConservationFour	arjuns-medal	LineageSupportGems
Metadata/Items/Gem/SupportGemArakaalisLust	arakaalis-lust	LineageSupportGems
Metadata/Items/Gem/SupportGemArbitersIgnition	arbiters-ignition	LineageSupportGems
Metadata/Items/Gem/SupportGemArbitersReach	arbiters-reach	LineageSupportGems
Metadata/Items/Gem/SupportGemAtzirisAllure	atziris-allure	LineageSupportGems
Metadata/Items/Gem/SupportGemAtzirisCommunion	atziris-communion	LineageSupportGems
Metadata/Items/Gem/SupportGemAtzirisImpatience	atziris-impatience	LineageSupportGems
Metadata/Items/Gem/SupportGemBreachlordsAmalgam	breachlords-amalgam	LineageSupportGems
Metadata/Items/Gem/SupportGemBreachlordsRift	breachlords-rift	LineageSupportGems
Metadata/Items/Gem/SupportGemCathasBrilliance	cathas-brilliance	LineageSupportGems
Metadata/Items/Gem/SupportGemCombatReload	rathas-assault	LineageSupportGems
Metadata/Items/Gem/SupportGemDaressosPassion	daressos-passion	LineageSupportGems
Metadata/Items/Gem/SupportGemDiallasDesire	diallas-desire	LineageSupportGems
Metadata/Items/Gem/SupportGemDoedresUndoing	doedres-undoing	LineageSupportGems
Metadata/Items/Gem/SupportGemEshsProwess	eshs-prowess	LineageSupportGems
Metadata/Items/Gem/SupportGemEshsRadiance	eshs-radiance	LineageSupportGems
Metadata/Items/Gem/SupportGemFlukeTwo	ixchels-torment	LineageSupportGems
Metadata/Items/Gem/SupportGemGarukhansResolve	garukhans-resolve	LineageSupportGems
Metadata/Items/Gem/SupportGemGreatwood	cirels-cultivation	LineageSupportGems
Metadata/Items/Gem/SupportGemGuatelitzi	guatelitzis-ablation	LineageSupportGems
Metadata/Items/Gem/SupportGemHardyTotemsThree	tawhoas-tending	LineageSupportGems
Metadata/Items/Gem/SupportGemHayoxisFulmination	hayoxis-fulmination	LineageSupportGems
Metadata/Items/Gem/SupportGemHerDeclaration	her-declaration	LineageSupportGems
Metadata/Items/Gem/SupportGemKalisasCrescendo	kalisas-crescendo	LineageSupportGems
Metadata/Items/Gem/SupportGemKaomsMadness	kaoms-madness	LineageSupportGems
Metadata/Items/Gem/SupportGemKhatalsRejuvenation	khatals-rejuvenation	LineageSupportGems
Metadata/Items/Gem/SupportGemKnightsAnthem	styrns-anthem	LineageSupportGems
Metadata/Items/Gem/SupportGemKulemaksDominion	kulemaks-dominion	LineageSupportGems
Metadata/Items/Gem/SupportGemKurgalsLeash	kurgals-leash	LineageSupportGems
Metadata/Items/Gem/SupportGemMedvedsFelling	medveds-felling	LineageSupportGems
Metadata/Items/Gem/SupportGemMorganasTempest	morganas-tempest	LineageSupportGems
Metadata/Items/Gem/SupportGemMorrigansInsight	mórrigans-insight	LineageSupportGems
Metadata/Items/Gem/SupportGemPietysMercy	dominus-grasp	LineageSupportGems
Metadata/Items/Gem/SupportGemPrototypeSeventeen	prototype-seventeen	LineageSupportGems
Metadata/Items/Gem/SupportGemRakiatasFlow	rakiatas-flow	LineageSupportGems
Metadata/Items/Gem/SupportGemRigwaldsFerocity	rigwalds-ferocity	LineageSupportGems
Metadata/Items/Gem/SupportGemRomirasRequital	romiras-requital	LineageSupportGems
Metadata/Items/Gem/SupportGemSeraphsHeart	seraphs-heart	LineageSupportGems
Metadata/Items/Gem/SupportGemStyrnsFerocity	styrns-ferocity	LineageSupportGems
Metadata/Items/Gem/SupportGemStyrnsMountain	styrns-mountain	LineageSupportGems
Metadata/Items/Gem/SupportGemTacatisIre	tacatis-ire	LineageSupportGems
Metadata/Items/Gem/SupportGemTangmazusThurible	tangmazus-thurible	LineageSupportGems
Metadata/Items/Gem/SupportGemTasaliosRhythm	tasalios-rhythm	LineageSupportGems
Metadata/Items/Gem/SupportGemTecrodsRevenge	tecrods-revenge	LineageSupportGems
Metadata/Items/Gem/SupportGemTrickstersShard	tricksters-shard	LineageSupportGems
Metadata/Items/Gem/SupportGemTulsAvalanche	tuls-avalanche	LineageSupportGems
Metadata/Items/Gem/SupportGemTulsStillness	tuls-stillness	LineageSupportGems
Metadata/Items/Gem/SupportGemUhtredsAugury	uhtreds-augury	LineageSupportGems
Metadata/Items/Gem/SupportGemUhtredsConstellation	uhtreds-constellation	LineageSupportGems
Metadata/Items/Gem/SupportGemUhtredsExodus	uhtreds-exodus	LineageSupportGems
Metadata/Items/Gem/SupportGemUhtredsOmen	uhtreds-omen	LineageSupportGems
Metadata/Items/Gem/SupportGemUhtredsRite	uhtreds-rite	LineageSupportGems
Metadata/Items/Gem/SupportGemUulNetolsEmbrace	uul-netols-embrace	LineageSupportGems
Metadata/Items/Gem/SupportGemVarashtasBlessing	varashtas-blessing	LineageSupportGems
Metadata/Items/Gem/SupportGemVoranasSiege	voranas-siege	LineageSupportGems
Metadata/Items/Gem/SupportGemVruunsAftermath	vruuns-aftermath	LineageSupportGems
Metadata/Items/Gem/SupportGemVruunsInevitability	vruuns-inevitability	LineageSupportGems
Metadata/Items/Gem/SupportGemWildshardsThree	siones-temper	LineageSupportGems
Metadata/Items/Gem/SupportGemXibaquasRending	xibaquas-rending	LineageSupportGems
Metadata/Items/Gem/SupportGemXophsPyre	xophs-pyre	LineageSupportGems
Metadata/Items/Gem/SupportGemZarokhsRefrain	zarokhs-refrain	LineageSupportGems
Metadata/Items/Gem/SupportGemZerphisLegacy	zerphis-infamy	LineageSupportGems
Metadata/Items/Gems/ReservationGemUncut10	uncut-spirit-gem-10	UncutGems
Metadata/Items/Gems/ReservationGemUncut11	uncut-spirit-gem-11	UncutGems
Metadata/Items/Gems/ReservationGemUncut12	uncut-spirit-gem-12	UncutGems
Metadata/Items/Gems/ReservationGemUncut13	uncut-spirit-gem-13	UncutGems
Metadata/Items/Gems/ReservationGemUncut14	uncut-spirit-gem-14	UncutGems
Metadata/Items/Gems/ReservationGemUncut15	uncut-spirit-gem-15	UncutGems
Metadata/Items/Gems/ReservationGemUncut16	uncut-spirit-gem-16	UncutGems
Metadata/Items/Gems/ReservationGemUncut17	uncut-spirit-gem-17	UncutGems
Metadata/Items/Gems/ReservationGemUncut18	uncut-spirit-gem-18	UncutGems
Metadata/Items/Gems/ReservationGemUncut19	uncut-spirit-gem-19	UncutGems
Metadata/Items/Gems/ReservationGemUncut20	uncut-spirit-gem-20	UncutGems
Metadata/Items/Gems/ReservationGemUncut4	uncut-spirit-gem-4	UncutGems
Metadata/Items/Gems/ReservationGemUncut5	uncut-spirit-gem-5	UncutGems
Metadata/Items/Gems/ReservationGemUncut6	uncut-spirit-gem-6	UncutGems
Metadata/Items/Gems/ReservationGemUncut7	uncut-spirit-gem-7	UncutGems
Metadata/Items/Gems/ReservationGemUncut8	uncut-spirit-gem-8	UncutGems
Metadata/Items/Gems/ReservationGemUncut9	uncut-spirit-gem-9	UncutGems
Metadata/Items/Gems/SkillGemUncut1	uncut-skill-gem-1	UncutGems
Metadata/Items/Gems/SkillGemUncut10	uncut-skill-gem-10	UncutGems
Metadata/Items/Gems/SkillGemUncut11	uncut-skill-gem-11	UncutGems
Metadata/Items/Gems/SkillGemUncut12	uncut-skill-gem-12	UncutGems
Metadata/Items/Gems/SkillGemUncut13	uncut-skill-gem-13	UncutGems
Metadata/Items/Gems/SkillGemUncut14	uncut-skill-gem-14	UncutGems
Metadata/Items/Gems/SkillGemUncut15	uncut-skill-gem-15	UncutGems
Metadata/Items/Gems/SkillGemUncut16	uncut-skill-gem-16	UncutGems
Metadata/Items/Gems/SkillGemUncut17	uncut-skill-gem-17	UncutGems
Metadata/Items/Gems/SkillGemUncut18	uncut-skill-gem-18	UncutGems
Metadata/Items/Gems/SkillGemUncut19	uncut-skill-gem-19	UncutGems
Metadata/Items/Gems/SkillGemUncut2	uncut-skill-gem-2	UncutGems
Metadata/Items/Gems/SkillGemUncut20	uncut-skill-gem-20	UncutGems
Metadata/Items/Gems/SkillGemUncut3	uncut-skill-gem-3	UncutGems
Metadata/Items/Gems/SkillGemUncut4	uncut-skill-gem-4	UncutGems
Metadata/Items/Gems/SkillGemUncut5	uncut-skill-gem-5	UncutGems
Metadata/Items/Gems/SkillGemUncut6	uncut-skill-gem-6	UncutGems
Metadata/Items/Gems/SkillGemUncut7	uncut-skill-gem-7	UncutGems
Metadata/Items/Gems/SkillGemUncut8	uncut-skill-gem-8	UncutGems
Metadata/Items/Gems/SkillGemUncut9	uncut-skill-gem-9	UncutGems
Metadata/Items/Gems/SkillGemUncutQuest1	uncut-skill-gem-1	UncutGems
Metadata/Items/Gems/SupportGemAhnsCitadel	ahns-citadel	LineageSupportGems
Metadata/Items/Gems/SupportGemAilithLineage	ailiths-chimes	LineageSupportGems
Metadata/Items/Gems/SupportGemAtaluiBloodletting	ataluis-bloodletting	LineageSupportGems
Metadata/Items/Gems/SupportGemBhatairsVengeance	bhatairs-vengeance	LineageSupportGems
Metadata/Items/Gems/SupportGemBrutusBrain	brutus-brain	LineageSupportGems
Metadata/Items/Gems/SupportGemCorruptingCryThree	paquates-pact	LineageSupportGems
Metadata/Items/Gems/SupportGemEinharsBeastrite	einhars-beastrite	LineageSupportGems
Metadata/Items/Gems/SupportGemOisinsOath	oisins-oath	LineageSupportGems
Metadata/Items/Gems/SupportGemOlrothsHubris	olroths-hubris	LineageSupportGems
Metadata/Items/Gems/SupportGemUncut1	uncut-support-gem-1	UncutGems
Metadata/Items/Gems/SupportGemUncut2	uncut-support-gem-2	UncutGems
Metadata/Items/Gems/SupportGemUncut3	uncut-support-gem-3	UncutGems
Metadata/Items/Gems/SupportGemUncut4	uncut-support-gem-4	UncutGems
Metadata/Items/Gems/SupportGemUncut5	uncut-support-gem-5	UncutGems
Metadata/Items/Gems/SupportGemUruksSmelting	uruks-smelting	LineageSupportGems
Metadata/Items/Gems/SupportGemVilentasPropulsion	vilentas-propulsion	LineageSupportGems
Metadata/Items/Gems/SupportGemZarokhsRevolt	zarokhs-revolt	LineageSupportGems
Metadata/Items/Gems/SupportOlrothsConviction	olroths-conviction	LineageSupportGems
Metadata/Items/MapFragments/CurrencyAfflictionFragment	simulacrum	Delirium
Metadata/Items/MapFragments/CurrencyBreachFragment	breachstone	Breach
Metadata/Items/MapFragments/CurrencyRitualBossFragment	an-audience-with-the-king	Ritual
Metadata/Items/MapFragments/CurrencyWildwoodFragment	sacred-bloom	Ritual
Metadata/Items/MapFragments/VaultKeyAzmeriSpirits	azmeri-reliquary-key	Fragments
Metadata/Items/MapFragments/VaultKeyBreach	xeshts-reliquary-key	Fragments
Metadata/Items/MapFragments/VaultKeyDelirium	tangmazus-reliquary-key	Fragments
Metadata/Items/MapFragments/VaultKeyExpedition	olroths-reliquary-key	Fragments
Metadata/Items/MapFragments/VaultKeyPinnacle	the-arbiters-reliquary-key	Fragments
Metadata/Items/MapFragments/VaultKeyRitual	ritualistic-reliquary-key	Fragments
Metadata/Items/MapFragments/VaultKeySanctumRelic2	against-the-darkness	Fragments
Metadata/Items/MapFragments/VaultKeySanctumRelic3	sandstorm-visage	Fragments
Metadata/Items/MapFragments/VaultKeySanctumRelic4	blessed-bonds	Fragments
Metadata/Items/MapFragments/VaultKeySanctumRelic5	sekhemas-resolve	Fragments
Metadata/Items/MapFragments/VaultKeySanctumRelic6	temporalis	Fragments
Metadata/Items/MapFragments/VaultKeyUltimatum	the-trialmasters-reliquary-key	Fragments
Metadata/Items/MapFragments/VaultKeyWorldDrop	twilight-reliquary-key	Fragments
Metadata/Items/Maps/MapKeyTier1	waystone-1	Waystones
Metadata/Items/Maps/MapKeyTier10	waystone-10	Waystones
Metadata/Items/Maps/MapKeyTier11	waystone-11	Waystones
Metadata/Items/Maps/MapKeyTier12	waystone-12	Waystones
Metadata/Items/Maps/MapKeyTier13	waystone-13	Waystones
Metadata/Items/Maps/MapKeyTier14	waystone-14	Waystones
Metadata/Items/Maps/MapKeyTier15	waystone-15	Waystones
Metadata/Items/Maps/MapKeyTier16	waystone-16	Waystones
Metadata/Items/Maps/MapKeyTier2	waystone-2	Waystones
Metadata/Items/Maps/MapKeyTier3	waystone-3	Waystones
Metadata/Items/Maps/MapKeyTier4	waystone-4	Waystones
Metadata/Items/Maps/MapKeyTier5	waystone-5	Waystones
Metadata/Items/Maps/MapKeyTier6	waystone-6	Waystones
Metadata/Items/Maps/MapKeyTier7	waystone-7	Waystones
Metadata/Items/Maps/MapKeyTier8	waystone-8	Waystones
Metadata/Items/Maps/MapKeyTier9	waystone-9	Waystones
Metadata/Items/Pinnacle/BurningMonolithKey1	ancient-crisis-fragment	Fragments
Metadata/Items/Pinnacle/BurningMonolithKey2	faded-crisis-fragment	Fragments
Metadata/Items/Pinnacle/BurningMonolithKey3	weathered-crisis-fragment	Fragments
Metadata/Items/Pinnacle/BurningMonolithKeyUber1	primary-calamity-fragment	Fragments
Metadata/Items/Pinnacle/BurningMonolithKeyUber2	secondary-calamity-fragment	Fragments
Metadata/Items/Pinnacle/BurningMonolithKeyUber3	tertiary-calamity-fragment	Fragments
Metadata/Items/Pinnacle/MothersoulCombined	origin-core	Fragments
Metadata/Items/Pinnacle/MothersoulEgg	origin-cradle	Fragments
Metadata/Items/Pinnacle/MothersoulEmbryo	origin-spark	Fragments
Metadata/Items/Pinnacle/PinnacleKey1	ancient-crisis-fragment	Fragments
Metadata/Items/Pinnacle/PinnacleKey2	faded-crisis-fragment	Fragments
Metadata/Items/Pinnacle/PinnacleKey3	weathered-crisis-fragment	Fragments
Metadata/Items/Pinnacle/PinnacleKeyUber1	primary-calamity-fragment	Fragments
Metadata/Items/Pinnacle/PinnacleKeyUber2	secondary-calamity-fragment	Fragments
Metadata/Items/Pinnacle/PinnacleKeyUber3	tertiary-calamity-fragment	Fragments
Metadata/Items/Pinnacle/RitualPinnacleEffigyPiece	call-of-the-shadows	Ritual
Metadata/Items/SoulCores/AmanamusGaze	amanamus-gaze	Abyss
Metadata/Items/SoulCores/AugmentAnoint	raven-touched-shard	Ritual
Metadata/Items/SoulCores/CarvedCunning	carved-cunning	Expedition
Metadata/Items/SoulCores/CarvedMajesty	carved-majesty	Expedition
Metadata/Items/SoulCores/CarvedMischief	carved-mischief	Expedition
Metadata/Items/SoulCores/CarvedTenacity	carved-tenacity	Expedition
Metadata/Items/SoulCores/EmergentInstinct	emergent-instinct	Expedition
Metadata/Items/SoulCores/EmergentPossibility	emergent-possibility	Expedition
Metadata/Items/SoulCores/EmergentProtection	emergent-protection	Expedition
Metadata/Items/SoulCores/EmergentVigour	emergent-vigour	Expedition
Metadata/Items/SoulCores/IdolCorrupted1	idol-of-the-sycophant	Ritual
Metadata/Items/SoulCores/IdolCorrupted2	idol-of-the-martyr	Ritual
Metadata/Items/SoulCores/IdolCorrupted3	idol-of-the-pharisee	Ritual
Metadata/Items/SoulCores/IdolSpecial1	idol-of-greust	Ritual
Metadata/Items/SoulCores/IdolSpecial2	idol-of-yeena	Ritual
Metadata/Items/SoulCores/IdolSpecial3	idol-of-eramir	Ritual
Metadata/Items/SoulCores/IdolSpecial4	idol-of-oak	Ritual
Metadata/Items/SoulCores/IdolSpecial5	idol-of-alira	Ritual
Metadata/Items/SoulCores/IdolSpecial6	idol-of-kraityn	Ritual
Metadata/Items/SoulCores/IdolSpecial7	idol-of-silk	Ritual
Metadata/Items/SoulCores/KurgalsGaze	kurgals-gaze	Abyss
Metadata/Items/SoulCores/RuneAccuracy	vision-rune	Runes
Metadata/Items/SoulCores/RuneAccuracyGreater	greater-vision-rune	Runes
Metadata/Items/SoulCores/RuneAccuracyLesser	lesser-vision-rune	Runes
Metadata/Items/SoulCores/RuneAccuracyPerfect	perfect-vision-rune	Runes
Metadata/Items/SoulCores/RuneCold	glacial-rune	Runes
Metadata/Items/SoulCores/RuneColdGreater	greater-glacial-rune	Runes
Metadata/Items/SoulCores/RuneColdLesser	lesser-glacial-rune	Runes
Metadata/Items/SoulCores/RuneColdPerfect	perfect-glacial-rune	Runes
Metadata/Items/SoulCores/RuneConvertChaos	betrayal-of-aldur	Runes
Metadata/Items/SoulCores/RuneConvertCold	breath-of-aldur	Runes
Metadata/Items/SoulCores/RuneConvertFire	passion-of-aldur	Runes
Metadata/Items/SoulCores/RuneConvertLightning	ire-of-aldur	Runes
Metadata/Items/SoulCores/RuneDexterity	adept-rune	Runes
Metadata/Items/SoulCores/RuneDexterityGreater	greater-adept-rune	Runes
Metadata/Items/SoulCores/RuneDexterityLesser	lesser-adept-rune	Runes
Metadata/Items/SoulCores/RuneDexterityPerfect	perfect-adept-rune	Runes
Metadata/Items/SoulCores/RuneEnhance	iron-rune	Runes
Metadata/Items/SoulCores/RuneEnhanceGreater	greater-iron-rune	Runes
Metadata/Items/SoulCores/RuneEnhanceLesser	lesser-iron-rune	Runes
Metadata/Items/SoulCores/RuneEnhancePerfect	perfect-iron-rune	Runes
Metadata/Items/SoulCores/RuneFire	desert-rune	Runes
Metadata/Items/SoulCores/RuneFireGreater	greater-desert-rune	Runes
Metadata/Items/SoulCores/RuneFireLesser	lesser-desert-rune	Runes
Metadata/Items/SoulCores/RuneFirePerfect	perfect-desert-rune	Runes
Metadata/Items/SoulCores/RuneIntelligence	resolve-rune	Runes
Metadata/Items/SoulCores/RuneIntelligenceGreater	greater-resolve-rune	Runes
Metadata/Items/SoulCores/RuneIntelligenceLesser	lesser-resolve-rune	Runes
Metadata/Items/SoulCores/RuneIntelligencePerfect	perfect-resolve-rune	Runes
Metadata/Items/SoulCores/RuneLife	body-rune	Runes
Metadata/Items/SoulCores/RuneLifeGreater	greater-body-rune	Runes
Metadata/Items/SoulCores/RuneLifeLesser	lesser-body-rune	Runes
Metadata/Items/SoulCores/RuneLifePerfect	perfect-body-rune	Runes
Metadata/Items/SoulCores/RuneLifeRecovery	rebirth-rune	Runes
Metadata/Items/SoulCores/RuneLifeRecoveryGreater	greater-rebirth-rune	Runes
Metadata/Items/SoulCores/RuneLifeRecoveryLesser	lesser-rebirth-rune	Runes
Metadata/Items/SoulCores/RuneLifeRecoveryPerfect	perfect-rebirth-rune	Runes
Metadata/Items/SoulCores/RuneLightning	storm-rune	Runes
Metadata/Items/SoulCores/RuneLightningGreater	greater-storm-rune	Runes
Metadata/Items/SoulCores/RuneLightningLesser	lesser-storm-rune	Runes
Metadata/Items/SoulCores/RuneLightningPerfect	perfect-storm-rune	Runes
Metadata/Items/SoulCores/RuneMana	mind-rune	Runes
Metadata/Items/SoulCores/RuneManaGreater	greater-mind-rune	Runes
Metadata/Items/SoulCores/RuneManaLesser	lesser-mind-rune	Runes
Metadata/Items/SoulCores/RuneManaPerfect	perfect-mind-rune	Runes
Metadata/Items/SoulCores/RuneManaRecovery	inspiration-rune	Runes
Metadata/Items/SoulCores/RuneManaRecoveryGreater	greater-inspiration-rune	Runes
Metadata/Items/SoulCores/RuneManaRecoveryLesser	lesser-inspiration-rune	Runes
Metadata/Items/SoulCores/RuneManaRecoveryPerfect	perfect-inspiration-rune	Runes
Metadata/Items/SoulCores/RuneOfTheAncients1	ancient-rune-of-splinters	Runes
Metadata/Items/SoulCores/RuneOfTheAncients10	ancient-rune-of-the-horde	Runes
Metadata/Items/SoulCores/RuneOfTheAncients11	ancient-rune-of-animosity	Runes
Metadata/Items/SoulCores/RuneOfTheAncients12	ancient-rune-of-detonation	Runes
Metadata/Items/SoulCores/RuneOfTheAncients13	ancient-rune-of-retaliation	Runes
Metadata/Items/SoulCores/RuneOfTheAncients14	rune-of-vitality	Runes
Metadata/Items/SoulCores/RuneOfTheAncients15	rune-of-the-hunt	Runes
Metadata/Items/SoulCores/RuneOfTheAncients16	rune-of-acrobatics	Runes
Metadata/Items/SoulCores/RuneOfTheAncients17	rune-of-culmination	Runes
Metadata/Items/SoulCores/RuneOfTheAncients18	rune-of-renown	Runes
Metadata/Items/SoulCores/RuneOfTheAncients19	rune-of-accumulation	Runes
Metadata/Items/SoulCores/RuneOfTheAncients2	ancient-rune-of-dueling	Runes
Metadata/Items/SoulCores/RuneOfTheAncients20	rune-of-foundations	Runes
Metadata/Items/SoulCores/RuneOfTheAncients21	rune-of-the-prism	Runes
Metadata/Items/SoulCores/RuneOfTheAncients22	rune-of-the-blossom	Runes
Metadata/Items/SoulCores/RuneOfTheAncients23	rune-of-consistency	Runes
Metadata/Items/SoulCores/RuneOfTheAncients24	rune-of-reach	Runes
Metadata/Items/SoulCores/RuneOfTheAncients25	rune-of-vital-flame	Runes
Metadata/Items/SoulCores/RuneOfTheAncients26	rune-of-confrontation	Runes
Metadata/Items/SoulCores/RuneOfTheAncients3	ancient-rune-of-the-titan	Runes
Metadata/Items/SoulCores/RuneOfTheAncients4	ancient-rune-of-shattering	Runes
Metadata/Items/SoulCores/RuneOfTheAncients5	ancient-rune-of-prowess	Runes
Metadata/Items/SoulCores/RuneOfTheAncients6	ancient-rune-of-control	Runes
Metadata/Items/SoulCores/RuneOfTheAncients7	ancient-rune-of-discovery	Runes
Metadata/Items/SoulCores/RuneOfTheAncients8	ancient-rune-of-decay	Runes
Metadata/Items/SoulCores/RuneOfTheAncients9	ancient-rune-of-witchcraft	Runes
Metadata/Items/SoulCores/RuneOlrothsLegacyAdoniasEgo	legacy-of-adonias-ego	Runes
Metadata/Items/SoulCores/RuneOlrothsLegacyAlkemEira	legacy-of-alkem-eira	Runes
Metadata/Items/SoulCores/RuneOlrothsLegacyAmorMandragora	legacy-of-amor-mandragora	Runes
Metadata/Items/SoulCores/RuneOlrothsLegacyAshrend	legacy-of-ashrend	Runes
Metadata/Items/SoulCores/RuneOlrothsLegacyBlackbraid	legacy-of-blackbraid	Runes
Metadata/Items/SoulCores/RuneOlrothsLegacyBrainRattler	legacy-of-brain-rattler	Runes
Metadata/Items/SoulCores/RuneOlrothsLegacyBramblejack	legacy-of-bramblejack	Runes
Metadata/Items/SoulCores/RuneOlrothsLegacyBriarpatch	legacy-of-briarpatch	Runes
Metadata/Items/SoulCores/RuneOlrothsLegacyBriskwrap	legacy-of-briskwrap	Runes
Metadata/Items/SoulCores/RuneOlrothsLegacyBristleboar	legacy-of-bristleboar	Runes
Metadata/Items/SoulCores/RuneOlrothsLegacyBrynhandsMark	legacy-of-brynhands-mark	Runes
Metadata/Items/SoulCores/RuneOlrothsLegacyBushwhack	legacy-of-bushwhack	Runes
Metadata/Items/SoulCores/RuneOlrothsLegacyCandlemaker	legacy-of-candlemaker	Runes
Metadata/Items/SoulCores/RuneOlrothsLegacyChernobogsPillar	legacy-of-chernobogs-pillar	Runes
Metadata/Items/SoulCores/RuneOlrothsLegacyCrownofThorns	legacy-of-crown-of-thorns	Runes
Metadata/Items/SoulCores/RuneOlrothsLegacyCursecarver	legacy-of-cursecarver	Runes
Metadata/Items/SoulCores/RuneOlrothsLegacyDeathblow	legacy-of-deathblow	Runes
Metadata/Items/SoulCores/RuneOlrothsLegacyDeidbell	legacy-of-deidbell	Runes
Metadata/Items/SoulCores/RuneOlrothsLegacyDionadair	legacy-of-dionadair	Runes
Metadata/Items/SoulCores/RuneOlrothsLegacyDuality	legacy-of-duality	Runes
Metadata/Items/SoulCores/RuneOlrothsLegacyDunkelhalt	legacy-of-dunkelhalt	Runes
Metadata/Items/SoulCores/RuneOlrothsLegacyDuskVigil	legacy-of-dusk-vigil	Runes
Metadata/Items/SoulCores/RuneOlrothsLegacyEdyrnsTusks	legacy-of-edyrns-tusks	Runes
Metadata/Items/SoulCores/RuneOlrothsLegacyElevore	legacy-of-elevore	Runes
Metadata/Items/SoulCores/RuneOlrothsLegacyEriansCobble	legacy-of-erians-cobble	Runes
Metadata/Items/SoulCores/RuneOlrothsLegacyEyesOfTheRunefather	legacy-of-a-worthy-foe	Runes
Metadata/Items/SoulCores/RuneOlrothsLegacyEzomytePeak	legacy-of-ezomyte-peak	Runes
Metadata/Items/SoulCores/RuneOlrothsLegacyFacebreaker	legacy-of-facebreaker	Runes
Metadata/Items/SoulCores/RuneOlrothsLegacyFoxshade	legacy-of-foxshade	Runes
Metadata/Items/SoulCores/RuneOlrothsLegacyGreymake	legacy-of-greymake	Runes
Metadata/Items/SoulCores/RuneOlrothsLegacyHoghunt	legacy-of-hoghunt	Runes
Metadata/Items/SoulCores/RuneOlrothsLegacyHornsofBynden	legacy-of-horns-of-bynden	Runes
Metadata/Items/SoulCores/RuneOlrothsLegacyHrimnorsHymn	legacy-of-hrimnors-hymn	Runes
Metadata/Items/SoulCores/RuneOlrothsLegacyIronbound	legacy-of-ironbound	Runes
Metadata/Items/SoulCores/RuneOlrothsLegacyKeeperoftheArc	legacy-of-keeper-of-the-arc	Runes
Metadata/Items/SoulCores/RuneOlrothsLegacyKingsguard	legacy-of-kingsguard	Runes
Metadata/Items/SoulCores/RuneOlrothsLegacyLegionstride	legacy-of-legionstride	Runes
Metadata/Items/SoulCores/RuneOlrothsLegacyLifesprig	legacy-of-lifesprig	Runes
Metadata/Items/SoulCores/RuneOlrothsLegacyMjölner	legacy-of-mjölner	Runes
Metadata/Items/SoulCores/RuneOlrothsLegacyNorthpaw	legacy-of-northpaw	Runes
Metadata/Items/SoulCores/RuneOlrothsLegacyOaksworn	legacy-of-oaksworn	Runes
Metadata/Items/SoulCores/RuneOlrothsLegacyObernsBastion	legacy-of-oberns-bastion	Runes
Metadata/Items/SoulCores/RuneOlrothsLegacyOlrovasara	legacy-of-olrovasara	Runes
Metadata/Items/SoulCores/RuneOlrothsLegacyQuillRain	legacy-of-quill-rain	Runes
Metadata/Items/SoulCores/RuneOlrothsLegacyRondeldeEzo	legacy-of-rondel-de-ezo	Runes
Metadata/Items/SoulCores/RuneOlrothsLegacyRuneseekersCall	legacy-of-runeseekers-call	Runes
Metadata/Items/SoulCores/RuneOlrothsLegacySerlesGrit	legacy-of-serles-grit	Runes
Metadata/Items/SoulCores/RuneOlrothsLegacySpitefulFloret	legacy-of-spiteful-floret	Runes
Metadata/Items/SoulCores/RuneOlrothsLegacyStarkonjasHead	legacy-of-starkonjas-head	Runes
Metadata/Items/SoulCores/RuneOlrothsLegacySvalinn	legacy-of-svalinn	Runes
Metadata/Items/SoulCores/RuneOlrothsLegacyTheBloodThorn	legacy-of-the-blood-thorn	Runes
Metadata/Items/SoulCores/RuneOlrothsLegacyTheKnight-errant	legacy-of-the-knight-errant	Runes
Metadata/Items/SoulCores/RuneOlrothsLegacyTheSentry	legacy-of-the-sentry	Runes
Metadata/Items/SoulCores/RuneOlrothsLegacyTheSmilingKnight	legacy-of-the-smiling-knight	Runes
Metadata/Items/SoulCores/RuneOlrothsLegacyTheUnleashed	legacy-of-the-unleashed	Runes
Metadata/Items/SoulCores/RuneOlrothsLegacyTheVileKnight	legacy-of-the-vile-knight	Runes
Metadata/Items/SoulCores/RuneOlrothsLegacyTrampletoe	legacy-of-trampletoe	Runes
Metadata/Items/SoulCores/RuneOlrothsLegacyTrenchtimbre	legacy-of-trenchtimbre	Runes
Metadata/Items/SoulCores/RuneOlrothsLegacyTwistedEmpyrean	legacy-of-twisted-empyrean	Runes
Metadata/Items/SoulCores/RuneOlrothsLegacyTyrannysGrip	legacy-of-tyrannys-grip	Runes
Metadata/Items/SoulCores/RuneOlrothsLegacyWanderlust	legacy-of-wanderlust	Runes
Metadata/Items/SoulCores/RuneOlrothsLegacyWingsofCaelyn	legacy-of-wings-of-caelyn	Runes
Metadata/Items/SoulCores/RuneOlrothsLegacyWulfsbane	legacy-of-wulfsbane	Runes
Metadata/Items/SoulCores/RuneSpecial1	greater-rune-of-leadership	Runes
Metadata/Items/SoulCores/RuneSpecial10	craiceanns-rune-of-warding	Runes
Metadata/Items/SoulCores/RuneSpecial11	saqawals-rune-of-memory	Runes
Metadata/Items/SoulCores/RuneSpecial12	saqawals-rune-of-erosion	Runes
Metadata/Items/SoulCores/RuneSpecial13	farruls-rune-of-the-hunt	Runes
Metadata/Items/SoulCores/RuneSpecial14	craiceanns-rune-of-recovery	Runes
Metadata/Items/SoulCores/RuneSpecial15	courtesan-mannans-rune-of-cruelty	Runes
Metadata/Items/SoulCores/RuneSpecial16	thane-grannells-rune-of-mastery	Runes
Metadata/Items/SoulCores/RuneSpecial17	fenumus-rune-of-spinning	Runes
Metadata/Items/SoulCores/RuneSpecial18	countess-seskes-rune-of-archery	Runes
Metadata/Items/SoulCores/RuneSpecial19	thane-girts-rune-of-wildness	Runes
Metadata/Items/SoulCores/RuneSpecial2	greater-rune-of-tithing	Runes
Metadata/Items/SoulCores/RuneSpecial20	fenumus-rune-of-draining	Runes
Metadata/Items/SoulCores/RuneSpecial21	thane-myrks-rune-of-summer	Runes
Metadata/Items/SoulCores/RuneSpecial22	lady-hestras-rune-of-winter	Runes
Metadata/Items/SoulCores/RuneSpecial23	thane-lelds-rune-of-spring	Runes
Metadata/Items/SoulCores/RuneSpecial24	the-greatwolfs-rune-of-claws	Runes
Metadata/Items/SoulCores/RuneSpecial25	the-greatwolfs-rune-of-willpower	Runes
Metadata/Items/SoulCores/RuneSpecial3	greater-rune-of-alacrity	Runes
Metadata/Items/SoulCores/RuneSpecial4	greater-rune-of-nobility	Runes
Metadata/Items/SoulCores/RuneSpecial5	hedgewitch-assandras-rune-of-wisdom	Runes
Metadata/Items/SoulCores/RuneSpecial6	saqawals-rune-of-the-sky	Runes
Metadata/Items/SoulCores/RuneSpecial7	fenumus-rune-of-agony	Runes
Metadata/Items/SoulCores/RuneSpecial8	farruls-rune-of-grace	Runes
Metadata/Items/SoulCores/RuneSpecial9	farruls-rune-of-the-chase	Runes
Metadata/Items/SoulCores/RuneStrength	robust-rune	Runes
Metadata/Items/SoulCores/RuneStrengthGreater	greater-robust-rune	Runes
Metadata/Items/SoulCores/RuneStrengthLesser	lesser-robust-rune	Runes
Metadata/Items/SoulCores/RuneStrengthPerfect	perfect-robust-rune	Runes
Metadata/Items/SoulCores/RuneStun	stone-rune	Runes
Metadata/Items/SoulCores/RuneStunGreater	greater-stone-rune	Runes
Metadata/Items/SoulCores/RuneStunLesser	lesser-stone-rune	Runes
Metadata/Items/SoulCores/RuneStunPerfect	perfect-stone-rune	Runes
Metadata/Items/SoulCores/RuneUpgrade	masterwork-rune	Runes
Metadata/Items/SoulCores/RuneWard1Greater	greater-ward-rune	Runes
Metadata/Items/SoulCores/RuneWard1Lesser	lesser-ward-rune	Runes
Metadata/Items/SoulCores/RuneWard1Normal	ward-rune	Runes
Metadata/Items/SoulCores/RuneWard1Perfect	perfect-ward-rune	Runes
Metadata/Items/SoulCores/RuneWard2Greater	greater-charging-rune	Runes
Metadata/Items/SoulCores/RuneWard2Lesser	lesser-charging-rune	Runes
Metadata/Items/SoulCores/RuneWard2Normal	charging-rune	Runes
Metadata/Items/SoulCores/RuneWard2Perfect	perfect-charging-rune	Runes
Metadata/Items/SoulCores/RuneWardSpecial1	warding-rune-of-reinforcement	Runes
Metadata/Items/SoulCores/RuneWardSpecial10	warding-rune-of-stability	Runes
Metadata/Items/SoulCores/RuneWardSpecial13	warding-rune-of-glancing	Runes
Metadata/Items/SoulCores/RuneWardSpecial14	warding-rune-of-heart	Runes
Metadata/Items/SoulCores/RuneWardSpecial15	warding-rune-of-nourishment	Runes
Metadata/Items/SoulCores/RuneWardSpecial16	warding-rune-of-annihilation	Runes
Metadata/Items/SoulCores/RuneWardSpecial18	warding-rune-of-armature	Runes
Metadata/Items/SoulCores/RuneWardSpecial19	warding-rune-of-obsession	Runes
Metadata/Items/SoulCores/RuneWardSpecial2	warding-rune-of-protection	Runes
Metadata/Items/SoulCores/RuneWardSpecial20	warding-rune-of-equinox	Runes
Metadata/Items/SoulCores/RuneWardSpecial21	warding-rune-of-salvaging	Runes
Metadata/Items/SoulCores/RuneWardSpecial23	warding-rune-of-bodyguards	Runes
Metadata/Items/SoulCores/RuneWardSpecial24	warding-rune-of-hollowing	Runes
Metadata/Items/SoulCores/RuneWardSpecial3	warding-rune-of-disintegration	Runes
Metadata/Items/SoulCores/RuneWardSpecial4	warding-rune-of-desperation	Runes
Metadata/Items/SoulCores/RuneWardSpecial8	warding-rune-of-symbiosis	Runes
Metadata/Items/SoulCores/RuneWardSpecial9	warding-rune-of-courage	Runes
Metadata/Items/SoulCores/RuneWarpingAdditionalCraftedMod	astrids-creativity	Runes
Metadata/Items/SoulCores/RuneWarpingAdditionalSuffix	serles-triumph	Runes
Metadata/Items/SoulCores/RuneWarpingBerserkerInfluence	voranas-carnage	Runes
Metadata/Items/SoulCores/RuneWarpingCreateJewelSocket	cadigans-epiphany	Runes
Metadata/Items/SoulCores/RuneWarpingDecayInfluence	katlas-gloom	Runes
Metadata/Items/SoulCores/RuneWarpingDestructionInfluence	thruds-might	Runes
Metadata/Items/SoulCores/RuneWarpingMarksmanInfluence	kolrs-hunt	Runes
Metadata/Items/SoulCores/RuneWarpingOlrothsLegacy	aldurs-legacy	Runes
Metadata/Items/SoulCores/RuneWarpingSoulInfluence	medveds-tending	Runes
Metadata/Items/SoulCores/RuneWarpingTimeInfluence	uhtreds-sidereus	Runes
Metadata/Items/SoulCores/SoulCoreBleed	soul-core-of-opiloti	Vaal
Metadata/Items/SoulCores/SoulCoreChaos	soul-core-of-tacati	Vaal
Metadata/Items/SoulCores/SoulCoreCrit	soul-core-of-ticaba	Vaal
Metadata/Items/SoulCores/SoulCoreDexterity	soul-core-of-cholotl	Vaal
Metadata/Items/SoulCores/SoulCoreElemental	soul-core-of-topotante	Vaal
Metadata/Items/SoulCores/SoulCoreEnlighten	soul-core-of-citaqualotl	Vaal
Metadata/Items/SoulCores/SoulCoreFreeze	soul-core-of-tzamoto	Vaal
Metadata/Items/SoulCores/SoulCoreIgnite	soul-core-of-puhuarte	Vaal
Metadata/Items/SoulCores/SoulCoreIntelligence	soul-core-of-zantipi	Vaal
Metadata/Items/SoulCores/SoulCoreLight	soul-core-of-azcapa	Vaal
Metadata/Items/SoulCores/SoulCoreMaxLife	soul-core-of-jiquani	Vaal
Metadata/Items/SoulCores/SoulCoreMaxMana	soul-core-of-zalatl	Vaal
Metadata/Items/SoulCores/SoulCoreShock	soul-core-of-xopec	Vaal
Metadata/Items/SoulCores/SoulCoreSpecial1	hayoxis-soul-core-of-heatproofing	Vaal
Metadata/Items/SoulCores/SoulCoreSpecial10	xopecs-soul-core-of-power	Vaal
Metadata/Items/SoulCores/SoulCoreSpecial11	estazuntis-soul-core-of-convalescence	Vaal
Metadata/Items/SoulCores/SoulCoreSpecial12	tacatis-soul-core-of-affliction	Vaal
Metadata/Items/SoulCores/SoulCoreSpecial13	cholotls-soul-core-of-war	Vaal
Metadata/Items/SoulCores/SoulCoreSpecial14	citaqualotls-soul-core-of-foulness	Vaal
Metadata/Items/SoulCores/SoulCoreSpecial15	xipocados-soul-core-of-dominion	Vaal
Metadata/Items/SoulCores/SoulCoreSpecial16	jiquanis-soul-core-of-automation	Vaal
Metadata/Items/SoulCores/SoulCoreSpecial17	jiquanis-soul-core-of-malediction	Vaal
Metadata/Items/SoulCores/SoulCoreSpecial18	jiquanis-soul-core-of-targeting	Vaal
Metadata/Items/SoulCores/SoulCoreSpecial19	jiquanis-soul-core-of-rallying	Vaal
Metadata/Items/SoulCores/SoulCoreSpecial2	zalatls-soul-core-of-insulation	Vaal
Metadata/Items/SoulCores/SoulCoreSpecial20	jiquanis-soul-core-of-radiance	Vaal
Metadata/Items/SoulCores/SoulCoreSpecial21	jiquanis-soul-core-of-severing	Vaal
Metadata/Items/SoulCores/SoulCoreSpecial22	jiquanis-soul-core-of-rippling	Vaal
Metadata/Items/SoulCores/SoulCoreSpecial23	jiquanis-soul-core-of-quaking	Vaal
Metadata/Items/SoulCores/SoulCoreSpecial24	jiquanis-soul-core-of-munitions	Vaal
Metadata/Items/SoulCores/SoulCoreSpecial25	jiquanis-soul-core-of-snares	Vaal
Metadata/Items/SoulCores/SoulCoreSpecial26	jiquanis-soul-core-of-abundance	Vaal
Metadata/Items/SoulCores/SoulCoreSpecial27	jiquanis-soul-core-of-squalls	Vaal
Metadata/Items/SoulCores/SoulCoreSpecial28	jiquanis-soul-core-of-thundering	Vaal
Metadata/Items/SoulCores/SoulCoreSpecial29	atziris-soul-core-of-devotion	Vaal
Metadata/Items/SoulCores/SoulCoreSpecial3	topotantes-soul-core-of-dampening	Vaal
Metadata/Items/SoulCores/SoulCoreSpecial30	atziris-soul-core-of-vitality	Vaal
Metadata/Items/SoulCores/SoulCoreSpecial31	atziris-soul-core-of-alacrity	Vaal
Metadata/Items/SoulCores/SoulCoreSpecial32	atziris-soul-core-of-inoculation	Vaal
Metadata/Items/SoulCores/SoulCoreSpecial4	atmohuas-soul-core-of-retreat	Vaal
Metadata/Items/SoulCores/SoulCoreSpecial5	quipolatls-soul-core-of-flow	Vaal
Metadata/Items/SoulCores/SoulCoreSpecial6	tzamotos-soul-core-of-ferocity	Vaal
Metadata/Items/SoulCores/SoulCoreSpecial7	uromotis-soul-core-of-attenuation	Vaal
Metadata/Items/SoulCores/SoulCoreSpecial8	opilotis-soul-core-of-assault	Vaal
Metadata/Items/SoulCores/SoulCoreSpecial9	guatelitzis-soul-core-of-endurance	Vaal
Metadata/Items/SoulCores/SoulCoreSpeed	soul-core-of-quipolatl	Vaal
Metadata/Items/SoulCores/SoulCoreStrength	soul-core-of-atmohua	Vaal
Metadata/Items/SoulCores/TalismanBear	bear-idol	Ritual
Metadata/Items/SoulCores/TalismanBoar	boar-idol	Ritual
Metadata/Items/SoulCores/TalismanCat	cat-idol	Ritual
Metadata/Items/SoulCores/TalismanFox	fox-idol	Ritual
Metadata/Items/SoulCores/TalismanMonkey	primate-idol	Ritual
Metadata/Items/SoulCores/TalismanOwl	owl-idol	Ritual
Metadata/Items/SoulCores/TalismanOx	ox-idol	Ritual
Metadata/Items/SoulCores/TalismanRabbit	rabbit-idol	Ritual
Metadata/Items/SoulCores/TalismanSnake	snake-idol	Ritual
Metadata/Items/SoulCores/TalismanSpecial1	idol-of-sirrius	Ritual
Metadata/Items/SoulCores/TalismanSpecial2	idol-of-thruldana	Ritual
Metadata/Items/SoulCores/TalismanSpecial3	idol-of-grold	Ritual
Metadata/Items/SoulCores/TalismanSpecial4	idol-of-eeshta	Ritual
Metadata/Items/SoulCores/TalismanSpecial5	idol-of-egrin	Ritual
Metadata/Items/SoulCores/TalismanSpecial6	idol-of-maxarius	Ritual
Metadata/Items/SoulCores/TalismanSpecial7	idol-of-ralakesh	Ritual
Metadata/Items/SoulCores/TalismanStag	stag-idol	Ritual
Metadata/Items/SoulCores/TalismanWolf	wolf-idol	Ritual
Metadata/Items/SoulCores/TecrodsGaze	tecrods-gaze	Abyss
Metadata/Items/SoulCores/ThesisOfBlood	guatelitzis-thesis	Vaal
Metadata/Items/SoulCores/ThesisOfExperiments	quipolatls-thesis	Vaal
Metadata/Items/SoulCores/ThesisOfSacrifice	citaqualotls-thesis	Vaal
Metadata/Items/SoulCores/ThesisOfSouls	jiquanis-thesis	Vaal
Metadata/Items/SoulCores/UlamansGaze	ulamans-gaze	Abyss
Metadata/Items/Ultimatum/TrialmasterKey1	cowardly-fate	Fragments
Metadata/Items/Ultimatum/TrialmasterKey2	deadly-fate	Fragments
Metadata/Items/Ultimatum/TrialmasterKey3	victorious-fate	Fragments
